sampno,perno,gpstripid,localid,time_local,gpsspeed
1119040,1,1,2,2012-02-08 06:15:23,1.2
1119040,1,1,3,2012-02-08 06:16:32,1.2
1119040,1,1,4,2012-02-08 06:16:35,1.2
1119040,1,1,5,2012-02-08 06:16:38,1.2
1119040,1,1,6,2012-02-08 06:16:41,1.899999
1119040,1,1,7,2012-02-08 06:16:51,2.5
1119040,1,1,8,2012-02-08 06:16:54,1.899999
1119040,1,1,9,2012-02-08 06:16:57,1.899999
1119040,1,1,10,2012-02-08 06:17:00,1.899999
1119040,1,1,11,2012-02-08 06:17:28,1.899999
1119040,1,1,12,2012-02-08 06:17:36,1.2
1119040,1,1,13,2012-02-08 06:18:10,1.2
1119040,1,1,14,2012-02-08 06:18:30,1.2
1119040,1,1,15,2012-02-08 06:18:33,1.2
1119040,1,1,16,2012-02-08 06:18:40,1.2
1119040,1,1,17,2012-02-08 06:18:43,1.2
1119040,1,1,18,2012-02-08 06:18:52,1.2
1119040,1,1,19,2012-02-08 06:18:56,1.2
1119040,1,1,20,2012-02-08 06:19:10,1.2
1119040,1,1,21,2012-02-08 06:19:13,1.899999
1119040,1,1,22,2012-02-08 06:19:17,1.2
1119040,1,1,23,2012-02-08 06:19:20,1.899999
1119040,1,1,24,2012-02-08 06:19:23,5.599999
1119040,1,1,25,2012-02-08 06:19:26,7.5
1119040,1,1,26,2012-02-08 06:19:29,7.5
1119040,1,1,27,2012-02-08 06:19:32,7.5
1119040,1,1,28,2012-02-08 06:19:35,8.1
1119040,1,1,29,2012-02-08 06:19:38,7.5
1119040,1,1,30,2012-02-08 06:19:41,8.699999
1119040,1,1,31,2012-02-08 06:19:44,8.699999
1119040,1,1,32,2012-02-08 06:19:47,7.5
1119040,1,1,33,2012-02-08 06:19:50,4.3
1119040,1,1,34,2012-02-08 06:19:54,1.2
1119040,1,1,35,2012-02-08 06:19:57,3.7
1119040,1,1,36,2012-02-08 06:20:00,5.599999
1119040,1,1,37,2012-02-08 06:20:03,8.1
1119040,1,1,38,2012-02-08 06:20:06,14.3
1119040,1,1,39,2012-02-08 06:20:09,21.7
1119040,1,1,40,2012-02-08 06:20:12,24.899999
1119040,1,1,41,2012-02-08 06:20:15,24.899999
1119040,1,1,42,2012-02-08 06:20:18,27.299999
1119040,1,1,43,2012-02-08 06:20:21,26.7
1119040,1,1,44,2012-02-08 06:20:24,27.299999
1119040,1,1,45,2012-02-08 06:20:27,28.6
1119040,1,1,46,2012-02-08 06:20:30,28.0
1119040,1,1,47,2012-02-08 06:20:33,26.7
1119040,1,1,48,2012-02-08 06:20:36,21.7
1119040,1,1,49,2012-02-08 06:20:39,16.799999
1119040,1,1,50,2012-02-08 06:20:42,6.199999
1119040,1,1,51,2012-02-08 06:20:47,1.2
1119040,1,1,52,2012-02-08 06:20:50,3.7
1119040,1,1,53,2012-02-08 06:20:53,10.6
1119040,1,1,54,2012-02-08 06:20:56,17.399999
1119040,1,1,55,2012-02-08 06:20:59,25.5
1119040,1,1,56,2012-02-08 06:21:02,31.1
1119040,1,1,57,2012-02-08 06:21:05,31.7
1119040,1,1,58,2012-02-08 06:21:08,32.900001
1119040,1,1,59,2012-02-08 06:21:11,34.799999
1119040,1,1,60,2012-02-08 06:21:14,34.799999
1119040,1,1,61,2012-02-08 06:21:17,33.599998
1119040,1,1,62,2012-02-08 06:21:20,34.2
1119040,1,1,63,2012-02-08 06:21:23,34.2
1119040,1,1,64,2012-02-08 06:21:26,34.799999
1119040,1,1,65,2012-02-08 06:21:29,34.799999
1119040,1,1,66,2012-02-08 06:21:32,36.0
1119040,1,1,67,2012-02-08 06:21:35,34.2
1119040,1,1,68,2012-02-08 06:21:38,34.799999
1119040,1,1,69,2012-02-08 06:21:41,34.2
1119040,1,1,70,2012-02-08 06:21:44,31.7
1119040,1,1,71,2012-02-08 06:21:47,23.6
1119040,1,1,72,2012-02-08 06:21:50,17.399999
1119040,1,1,73,2012-02-08 06:21:53,13.0
1119040,1,1,74,2012-02-08 06:21:56,23.0
1119040,1,1,75,2012-02-08 06:21:59,29.799999
1119040,1,1,76,2012-02-08 06:22:02,29.799999
1119040,1,1,77,2012-02-08 06:22:05,28.6
1119040,1,1,78,2012-02-08 06:22:08,27.299999
1119040,1,1,79,2012-02-08 06:22:11,25.5
1119040,1,1,80,2012-02-08 06:22:14,17.399999
1119040,1,1,81,2012-02-08 06:22:17,5.599999
1119040,1,1,82,2012-02-08 06:22:23,1.2
1119040,1,1,83,2012-02-08 06:22:26,8.1
1119040,1,1,84,2012-02-08 06:22:29,19.299999
1119040,1,1,85,2012-02-08 06:22:32,28.0
1119040,1,1,86,2012-02-08 06:22:44,5.0
1119040,1,1,87,2012-02-08 06:22:47,5.599999
1119040,1,1,88,2012-02-08 06:22:50,9.899999
1119040,1,1,89,2012-02-08 06:22:53,25.5
1119040,1,1,90,2012-02-08 06:22:56,39.099998
1119040,1,1,91,2012-02-08 06:22:59,44.7
1119040,1,1,92,2012-02-08 06:23:02,51.599998
1119040,1,1,93,2012-02-08 06:23:05,55.900001
1119040,1,1,94,2012-02-08 06:23:08,59.0
1119040,1,1,95,2012-02-08 06:23:11,63.400001
1119040,1,1,96,2012-02-08 06:23:15,66.5
1119040,1,1,97,2012-02-08 06:23:18,67.699996
1119040,1,1,98,2012-02-08 06:23:21,67.699996
1119040,1,1,99,2012-02-08 06:23:24,67.099998
1119040,1,1,100,2012-02-08 06:23:27,66.5
1119040,1,1,101,2012-02-08 06:23:30,66.5
1119040,1,1,102,2012-02-08 06:23:33,65.900001
1119040,1,1,103,2012-02-08 06:23:36,64.0
1119040,1,1,104,2012-02-08 06:23:39,67.099998
1119040,1,1,105,2012-02-08 06:23:42,67.699996
1119040,1,1,106,2012-02-08 06:23:45,69.0
1119040,1,1,107,2012-02-08 06:23:48,69.599998
1119040,1,1,108,2012-02-08 06:23:51,66.5
1119040,1,1,109,2012-02-08 06:23:54,69.0
1119040,1,1,110,2012-02-08 06:23:57,69.599998
1119040,1,1,111,2012-02-08 06:24:00,68.400001
1119040,1,1,112,2012-02-08 06:24:03,66.5
1119040,1,1,113,2012-02-08 06:24:09,65.900001
1119040,1,1,114,2012-02-08 06:24:12,66.5
1119040,1,1,115,2012-02-08 06:24:15,67.099998
1119040,1,1,116,2012-02-08 06:24:18,69.0
1119040,1,1,117,2012-02-08 06:24:21,67.099998
1119040,1,1,118,2012-02-08 06:24:24,66.5
1119040,1,1,119,2012-02-08 06:24:27,67.699996
1119040,1,1,120,2012-02-08 06:24:30,67.099998
1119040,1,1,121,2012-02-08 06:24:33,69.0
1119040,1,1,122,2012-02-08 06:24:36,67.099998
1119040,1,1,123,2012-02-08 06:24:39,68.400001
1119040,1,1,124,2012-02-08 06:24:42,66.5
1119040,1,1,125,2012-02-08 06:24:45,69.0
1119040,1,1,126,2012-02-08 06:24:48,69.0
1119040,1,1,127,2012-02-08 06:24:52,65.199996
1119040,1,1,128,2012-02-08 06:24:55,65.199996
1119040,1,1,129,2012-02-08 06:24:58,65.900001
1119040,1,1,130,2012-02-08 06:25:01,66.5
1119040,1,1,131,2012-02-08 06:25:04,67.699996
1119040,1,1,132,2012-02-08 06:25:13,69.300003
1119040,1,1,133,2012-02-08 06:25:16,68.400001
1119040,1,1,134,2012-02-08 06:25:19,68.400001
1119040,1,1,135,2012-02-08 06:25:22,69.0
1119040,1,1,136,2012-02-08 06:25:25,70.199996
1119040,1,1,137,2012-02-08 06:25:28,67.699996
1119040,1,1,138,2012-02-08 06:25:31,73.900001
1119040,1,1,139,2012-02-08 06:25:34,68.400001
1119040,1,1,140,2012-02-08 06:25:37,69.0
1119040,1,1,141,2012-02-08 06:25:40,69.0
1119040,1,1,142,2012-02-08 06:25:43,69.0
1119040,1,1,143,2012-02-08 06:25:46,66.5
1119040,1,1,144,2012-02-08 06:25:50,67.699996
1119040,1,1,145,2012-02-08 06:25:53,65.199996
1119040,1,1,146,2012-02-08 06:25:56,65.900001
1119040,1,1,147,2012-02-08 06:25:59,65.900001
1119040,1,1,148,2012-02-08 06:26:02,67.699996
1119040,1,1,149,2012-02-08 06:26:05,69.0
1119040,1,1,150,2012-02-08 06:26:08,68.400001
1119040,1,1,151,2012-02-08 06:26:11,68.400001
1119040,1,1,152,2012-02-08 06:26:14,67.699996
1119040,1,1,153,2012-02-08 06:26:17,66.5
1119040,1,1,154,2012-02-08 06:26:20,68.400001
1119040,1,1,155,2012-02-08 06:26:23,67.699996
1119040,1,1,156,2012-02-08 06:26:26,67.099998
1119040,1,1,157,2012-02-08 06:26:29,67.699996
1119040,1,1,158,2012-02-08 06:26:32,67.699996
1119040,1,1,159,2012-02-08 06:26:35,67.099998
1119040,1,1,160,2012-02-08 06:26:38,68.400001
1119040,1,1,161,2012-02-08 06:26:41,69.0
1119040,1,1,162,2012-02-08 06:26:44,68.400001
1119040,1,1,163,2012-02-08 06:26:47,68.400001
1119040,1,1,164,2012-02-08 06:26:50,67.699996
1119040,1,1,165,2012-02-08 06:26:53,67.699996
1119040,1,1,166,2012-02-08 06:26:56,67.699996
1119040,1,1,167,2012-02-08 06:26:59,67.699996
1119040,1,1,168,2012-02-08 06:27:02,68.400001
1119040,1,1,169,2012-02-08 06:27:05,68.400001
1119040,1,1,170,2012-02-08 06:27:08,67.099998
1119040,1,1,171,2012-02-08 06:27:11,67.699996
1119040,1,1,172,2012-02-08 06:27:14,68.400001
1119040,1,1,173,2012-02-08 06:27:17,67.699996
1119040,1,1,174,2012-02-08 06:27:20,68.400001
1119040,1,1,175,2012-02-08 06:27:23,67.099998
1119040,1,1,176,2012-02-08 06:27:26,67.099998
1119040,1,1,177,2012-02-08 06:27:29,67.099998
1119040,1,1,178,2012-02-08 06:27:32,67.699996
1119040,1,1,179,2012-02-08 06:27:35,67.699996
1119040,1,1,180,2012-02-08 06:27:38,68.400001
1119040,1,1,181,2012-02-08 06:27:41,68.400001
1119040,1,1,182,2012-02-08 06:27:44,67.699996
1119040,1,1,183,2012-02-08 06:27:47,67.699996
1119040,1,1,184,2012-02-08 06:27:50,67.099998
1119040,1,1,185,2012-02-08 06:27:53,67.699996
1119040,1,1,186,2012-02-08 06:27:56,67.699996
1119040,1,1,187,2012-02-08 06:27:59,67.699996
1119040,1,1,188,2012-02-08 06:28:02,68.400001
1119040,1,1,189,2012-02-08 06:28:05,67.699996
1119040,1,1,190,2012-02-08 06:28:08,67.699996
1119040,1,1,191,2012-02-08 06:28:11,67.699996
1119040,1,1,192,2012-02-08 06:28:14,69.0
1119040,1,1,193,2012-02-08 06:28:17,67.699996
1119040,1,1,194,2012-02-08 06:28:20,67.099998
1119040,1,1,195,2012-02-08 06:28:23,67.099998
1119040,1,1,196,2012-02-08 06:28:26,66.5
1119040,1,1,197,2012-02-08 06:28:29,67.699996
1119040,1,1,198,2012-02-08 06:28:32,69.0
1119040,1,1,199,2012-02-08 06:28:35,67.699996
1119040,1,1,200,2012-02-08 06:28:38,65.900001
1119040,1,1,201,2012-02-08 06:28:41,65.900001
1119040,1,1,202,2012-02-08 06:28:44,66.5
1119040,1,1,203,2012-02-08 06:28:47,65.900001
1119040,1,1,204,2012-02-08 06:28:50,64.599998
1119040,1,1,205,2012-02-08 06:28:53,62.799999
1119040,1,1,206,2012-02-08 06:28:56,62.799999
1119040,1,1,207,2012-02-08 06:28:59,62.799999
1119040,1,1,208,2012-02-08 06:29:02,59.7
1119040,1,1,209,2012-02-08 06:29:05,59.0
1119040,1,1,210,2012-02-08 06:29:08,57.799999
1119040,1,1,211,2012-02-08 06:29:11,55.900001
1119040,1,1,212,2012-02-08 06:29:14,47.799999
1119040,1,1,213,2012-02-08 06:29:19,39.799999
1119040,1,1,214,2012-02-08 06:29:22,36.0
1119040,1,1,215,2012-02-08 06:29:26,29.2
1119040,1,1,216,2012-02-08 06:29:29,21.1
1119040,1,1,217,2012-02-08 06:29:32,11.199999
1119040,1,1,218,2012-02-08 06:29:35,1.899999
1119040,1,1,219,2012-02-08 06:29:38,2.5
1119040,1,1,220,2012-02-08 06:29:44,1.899999
1119040,1,1,221,2012-02-08 06:29:47,9.899999
1119040,1,1,222,2012-02-08 06:29:50,14.3
1119040,1,1,223,2012-02-08 06:29:53,23.0
1119040,1,1,224,2012-02-08 06:29:56,23.6
1119040,1,1,225,2012-02-08 06:29:59,23.6
1119040,1,1,226,2012-02-08 06:30:02,22.399999
1119040,1,1,227,2012-02-08 06:30:05,20.5
1119040,1,1,228,2012-02-08 06:30:08,14.3
1119040,1,1,229,2012-02-08 06:30:11,5.0
1119040,1,1,230,2012-02-08 06:30:14,2.5
1119040,1,1,231,2012-02-08 06:30:17,10.6
1119040,1,1,232,2012-02-08 06:30:20,18.0
1119040,1,1,233,2012-02-08 06:30:24,27.299999
1119040,1,1,234,2012-02-08 06:30:33,36.0
1119040,1,1,235,2012-02-08 06:30:36,36.7
1119040,1,1,236,2012-02-08 06:30:39,37.299999
1119040,1,1,237,2012-02-08 06:30:42,37.900001
1119040,1,1,238,2012-02-08 06:30:45,37.299999
1119040,1,1,239,2012-02-08 06:30:48,36.7
1119040,1,1,240,2012-02-08 06:30:51,36.7
1119040,1,1,241,2012-02-08 06:30:54,37.299999
1119040,1,1,242,2012-02-08 06:30:57,35.400001
1119040,1,1,243,2012-02-08 06:31:00,32.299999
1119040,1,1,244,2012-02-08 06:31:03,28.0
1119040,1,1,245,2012-02-08 06:31:06,19.899999
1119040,1,1,246,2012-02-08 06:31:09,11.199999
1119040,1,1,247,2012-02-08 06:31:12,5.0
1119040,1,1,248,2012-02-08 06:31:15,11.8
1119040,1,1,249,2012-02-08 06:31:18,21.7
1119040,1,1,250,2012-02-08 06:31:21,28.6
1119040,1,1,251,2012-02-08 06:31:24,32.900001
1119040,1,1,252,2012-02-08 06:31:27,34.2
1119040,1,1,253,2012-02-08 06:31:30,33.599998
1119040,1,1,254,2012-02-08 06:31:33,32.299999
1119040,1,1,255,2012-02-08 06:31:36,31.1
1119040,1,1,256,2012-02-08 06:31:39,28.0
1119040,1,1,257,2012-02-08 06:31:42,24.2
1119040,1,1,258,2012-02-08 06:31:45,17.399999
1119040,1,1,259,2012-02-08 06:31:48,11.8
1119040,1,1,260,2012-02-08 06:31:51,13.0
1119040,1,1,261,2012-02-08 06:31:56,27.299999
1119040,1,1,262,2012-02-08 06:31:59,31.7
1119040,1,1,263,2012-02-08 06:32:02,35.400001
1119040,1,1,264,2012-02-08 06:32:05,34.799999
1119040,1,1,265,2012-02-08 06:32:08,31.7
1119040,1,1,266,2012-02-08 06:32:11,29.799999
1119040,1,1,267,2012-02-08 06:32:14,26.1
1119040,1,1,268,2012-02-08 06:32:17,24.899999
1119040,1,1,269,2012-02-08 06:32:20,28.0
1119040,1,1,270,2012-02-08 06:32:23,29.799999
1119040,1,1,271,2012-02-08 06:32:26,32.299999
1119040,1,1,272,2012-02-08 06:32:29,34.2
1119040,1,1,273,2012-02-08 06:32:32,34.799999
1119040,1,1,274,2012-02-08 06:32:35,35.400001
1119040,1,1,275,2012-02-08 06:32:38,35.7
1119040,1,1,276,2012-02-08 06:32:41,37.299999
1119040,1,1,277,2012-02-08 06:32:44,38.5
1119040,1,1,278,2012-02-08 06:32:47,37.900001
1119040,1,1,279,2012-02-08 06:32:50,36.0
1119040,1,1,280,2012-02-08 06:32:53,29.2
1119040,1,1,281,2012-02-08 06:32:56,22.399999
1119040,1,1,282,2012-02-08 06:32:59,9.899999
1119040,1,1,283,2012-02-08 06:33:02,4.3
1119040,1,1,284,2012-02-08 06:33:05,5.0
1119040,1,1,285,2012-02-08 06:33:08,6.8
1119040,1,1,286,2012-02-08 06:33:11,6.199999
1119040,1,1,287,2012-02-08 06:33:14,1.2
1119040,1,1,288,2012-02-08 06:33:20,1.2
1119040,1,1,289,2012-02-08 06:33:23,4.3
1119040,1,1,290,2012-02-08 06:33:26,3.7
1119040,1,1,291,2012-02-08 06:33:33,2.5
1119040,1,1,292,2012-02-08 06:33:37,3.099999
1119040,1,1,293,2012-02-08 06:33:40,3.099999
1119040,1,1,322,2012-02-08 06:38:51,1.2
1119040,1,1,323,2012-02-08 06:38:57,1.2
1119040,1,1,324,2012-02-08 06:39:00,1.2
1119040,1,1,325,2012-02-08 06:39:07,1.2
1119040,1,1,326,2012-02-08 06:39:10,1.2
1119040,1,1,327,2012-02-08 06:39:13,1.2
1119040,1,1,328,2012-02-08 06:39:16,1.899999
1119040,1,1,329,2012-02-08 06:39:26,1.2
1119040,1,1,330,2012-02-08 06:39:36,1.2
1119040,1,1,331,2012-02-08 06:39:45,1.2
1119040,1,1,332,2012-02-08 06:39:55,1.2
1119040,1,1,333,2012-02-08 06:39:58,1.2
1119040,1,1,334,2012-02-08 06:40:02,1.899999
1119040,1,1,335,2012-02-08 06:40:05,1.2
1119040,1,1,336,2012-02-08 06:40:08,1.899999
1119040,1,1,337,2012-02-08 06:40:11,1.899999
1119040,1,1,338,2012-02-08 06:40:17,1.2
1119040,1,1,339,2012-02-08 06:40:21,1.2
1119040,1,2,1221,2012-02-08 15:32:17,1.2
1119040,1,2,1222,2012-02-08 15:32:20,1.2
1119040,1,2,1223,2012-02-08 15:32:23,1.2
1119040,1,2,1224,2012-02-08 15:32:26,1.2
1119040,1,2,1225,2012-02-08 15:32:29,1.2
1119040,1,2,1226,2012-02-08 15:32:35,1.899999
1119040,1,2,1227,2012-02-08 15:32:38,3.7
1119040,1,2,1228,2012-02-08 15:32:41,3.099999
1119040,1,2,1229,2012-02-08 15:32:44,3.099999
1119040,1,2,1230,2012-02-08 15:32:47,3.099999
1119040,1,2,1231,2012-02-08 15:32:50,2.5
1119040,1,2,1232,2012-02-08 15:32:53,1.899999
1119040,1,2,1233,2012-02-08 15:32:56,1.899999
1119040,1,2,1234,2012-02-08 15:32:59,1.899999
1119040,1,2,1235,2012-02-08 15:33:02,1.899999
1119040,1,2,1236,2012-02-08 15:33:05,2.5
1119040,1,2,1237,2012-02-08 15:33:08,2.5
1119040,1,2,1238,2012-02-08 15:33:11,2.5
1119040,1,2,1239,2012-02-08 15:33:14,1.899999
1119040,1,2,1240,2012-02-08 15:33:22,1.2
1119040,1,2,1241,2012-02-08 15:33:25,2.5
1119040,1,2,1242,2012-02-08 15:33:28,2.5
1119040,1,2,1243,2012-02-08 15:33:31,2.5
1119040,1,2,1244,2012-02-08 15:33:34,2.5
1119040,1,2,1245,2012-02-08 15:33:37,2.5
1119040,1,2,1246,2012-02-08 15:33:40,1.899999
1119040,1,2,1247,2012-02-08 15:35:35,1.2
1119040,1,2,1248,2012-02-08 15:35:38,4.3
1119040,1,2,1249,2012-02-08 15:35:41,6.8
1119040,1,2,1250,2012-02-08 15:35:44,7.5
1119040,1,2,1251,2012-02-08 15:35:47,7.5
1119040,1,2,1252,2012-02-08 15:35:50,5.0
1119040,1,2,1253,2012-02-08 15:35:53,10.6
1119040,1,2,1254,2012-02-08 15:35:56,19.899999
1119040,1,2,1255,2012-02-08 15:35:59,26.1
1119040,1,2,1256,2012-02-08 15:36:02,26.7
1119040,1,2,1257,2012-02-08 15:36:05,26.1
1119040,1,2,1258,2012-02-08 15:36:08,23.6
1119040,1,2,1259,2012-02-08 15:36:11,20.5
1119040,1,2,1260,2012-02-08 15:36:14,11.199999
1119040,1,2,1261,2012-02-08 15:36:20,5.599999
1119040,1,2,1262,2012-02-08 15:36:23,12.399999
1119040,1,2,1263,2012-02-08 15:36:26,19.899999
1119040,1,2,1264,2012-02-08 15:36:29,27.299999
1119040,1,2,1265,2012-02-08 15:36:32,31.7
1119040,1,2,1266,2012-02-08 15:36:35,33.599998
1119040,1,2,1267,2012-02-08 15:36:38,33.599998
1119040,1,2,1268,2012-02-08 15:36:41,31.1
1119040,1,2,1269,2012-02-08 15:36:44,32.900001
1119040,1,2,1270,2012-02-08 15:36:47,34.799999
1119040,1,2,1271,2012-02-08 15:36:50,35.400001
1119040,1,2,1272,2012-02-08 15:36:53,36.0
1119040,1,2,1273,2012-02-08 15:36:56,35.400001
1119040,1,2,1274,2012-02-08 15:36:59,34.2
1119040,1,2,1275,2012-02-08 15:37:02,33.599998
1119040,1,2,1276,2012-02-08 15:37:05,32.299999
1119040,1,2,1277,2012-02-08 15:37:08,29.799999
1119040,1,2,1278,2012-02-08 15:37:11,24.2
1119040,1,2,1279,2012-02-08 15:37:14,16.2
1119040,1,2,1280,2012-02-08 15:37:17,8.699999
1119040,1,2,1281,2012-02-08 15:37:20,4.3
1119040,1,2,1282,2012-02-08 15:37:23,14.3
1119040,1,2,1283,2012-02-08 15:37:26,23.6
1119040,1,2,1284,2012-02-08 15:37:29,27.299999
1119040,1,2,1285,2012-02-08 15:37:32,29.799999
1119040,1,2,1286,2012-02-08 15:37:35,34.2
1119040,1,2,1287,2012-02-08 15:37:38,36.7
1119040,1,2,1288,2012-02-08 15:37:41,37.900001
1119040,1,2,1289,2012-02-08 15:37:44,39.099998
1119040,1,2,1290,2012-02-08 15:37:47,40.400001
1119040,1,2,1291,2012-02-08 15:37:50,41.599998
1119040,1,2,1292,2012-02-08 15:37:53,40.400001
1119040,1,2,1293,2012-02-08 15:37:56,39.799999
1119040,1,2,1294,2012-02-08 15:37:59,37.299999
1119040,1,2,1295,2012-02-08 15:38:02,34.799999
1119040,1,2,1296,2012-02-08 15:38:05,31.1
1119040,1,2,1297,2012-02-08 15:38:08,26.7
1119040,1,2,1298,2012-02-08 15:38:11,21.7
1119040,1,2,1299,2012-02-08 15:38:14,16.2
1119040,1,2,1300,2012-02-08 15:38:17,9.899999
1119040,1,2,1301,2012-02-08 15:38:20,3.099999
1119040,1,2,1302,2012-02-08 15:38:29,3.099999
1119040,1,2,1303,2012-02-08 15:38:32,12.399999
1119040,1,2,1304,2012-02-08 15:38:35,23.0
1119040,1,2,1305,2012-02-08 15:38:38,26.1
1119040,1,2,1306,2012-02-08 15:38:41,29.799999
1119040,1,2,1307,2012-02-08 15:38:44,32.900001
1119040,1,2,1308,2012-02-08 15:38:47,34.2
1119040,1,2,1309,2012-02-08 15:38:50,35.400001
1119040,1,2,1310,2012-02-08 15:38:53,34.799999
1119040,1,2,1311,2012-02-08 15:38:56,36.7
1119040,1,2,1312,2012-02-08 15:38:59,29.2
1119040,1,2,1313,2012-02-08 15:39:02,14.3
1119040,1,2,1314,2012-02-08 15:39:05,2.5
1119040,1,2,1315,2012-02-08 15:39:30,1.2
1119040,1,2,1316,2012-02-08 15:39:33,13.0
1119040,1,2,1317,2012-02-08 15:39:36,22.399999
1119040,1,2,1318,2012-02-08 15:39:39,28.6
1119040,1,2,1319,2012-02-08 15:39:42,32.299999
1119040,1,2,1320,2012-02-08 15:39:45,35.400001
1119040,1,2,1321,2012-02-08 15:39:48,36.0
1119040,1,2,1322,2012-02-08 15:39:51,37.900001
1119040,1,2,1323,2012-02-08 15:39:54,39.099998
1119040,1,2,1324,2012-02-08 15:39:57,40.400001
1119040,1,2,1325,2012-02-08 15:40:00,41.0
1119040,1,2,1326,2012-02-08 15:40:03,41.599998
1119040,1,2,1327,2012-02-08 15:40:06,42.299999
1119040,1,2,1328,2012-02-08 15:40:09,42.900001
1119040,1,2,1329,2012-02-08 15:40:12,43.5
1119040,1,2,1330,2012-02-08 15:40:15,43.5
1119040,1,2,1331,2012-02-08 15:40:18,42.900001
1119040,1,2,1332,2012-02-08 15:40:21,42.900001
1119040,1,2,1333,2012-02-08 15:40:24,43.5
1119040,1,2,1334,2012-02-08 15:40:27,41.599998
1119040,1,2,1335,2012-02-08 15:40:30,39.099998
1119040,1,2,1336,2012-02-08 15:40:33,36.0
1119040,1,2,1337,2012-02-08 15:40:36,32.900001
1119040,1,2,1338,2012-02-08 15:40:39,25.5
1119040,1,2,1339,2012-02-08 15:40:43,16.799999
1119040,1,2,1340,2012-02-08 15:40:46,10.6
1119040,1,2,1341,2012-02-08 15:40:49,4.3
1119040,1,2,1342,2012-02-08 15:41:14,3.099999
1119040,1,2,1343,2012-02-08 15:41:17,14.3
1119040,1,2,1344,2012-02-08 15:41:20,24.2
1119040,1,2,1345,2012-02-08 15:41:23,30.399999
1119040,1,2,1346,2012-02-08 15:41:26,34.799999
1119040,1,2,1347,2012-02-08 15:41:29,37.900001
1119040,1,2,1348,2012-02-08 15:41:32,37.900001
1119040,1,2,1349,2012-02-08 15:41:35,37.900001
1119040,1,2,1350,2012-02-08 15:41:38,37.299999
1119040,1,2,1351,2012-02-08 15:41:41,35.400001
1119040,1,2,1352,2012-02-08 15:41:44,32.900001
1119040,1,2,1353,2012-02-08 15:41:47,26.7
1119040,1,2,1354,2012-02-08 15:41:50,22.399999
1119040,1,2,1355,2012-02-08 15:41:53,23.0
1119040,1,2,1356,2012-02-08 15:41:56,24.2
1119040,1,2,1357,2012-02-08 15:41:59,29.2
1119040,1,2,1358,2012-02-08 15:42:02,34.2
1119040,1,2,1359,2012-02-08 15:42:05,36.7
1119040,1,2,1360,2012-02-08 15:42:08,37.299999
1119040,1,2,1361,2012-02-08 15:42:11,37.299999
1119040,1,2,1362,2012-02-08 15:42:14,39.099998
1119040,1,2,1363,2012-02-08 15:42:17,39.799999
1119040,1,2,1364,2012-02-08 15:42:20,40.400001
1119040,1,2,1365,2012-02-08 15:42:23,41.599998
1119040,1,2,1366,2012-02-08 15:42:26,42.299999
1119040,1,2,1367,2012-02-08 15:42:29,42.299999
1119040,1,2,1368,2012-02-08 15:42:32,41.599998
1119040,1,2,1369,2012-02-08 15:42:35,41.0
1119040,1,2,1370,2012-02-08 15:42:38,41.0
1119040,1,2,1371,2012-02-08 15:42:41,41.599998
1119040,1,2,1372,2012-02-08 15:42:44,42.299999
1119040,1,2,1373,2012-02-08 15:42:47,41.0
1119040,1,2,1374,2012-02-08 15:42:50,41.0
1119040,1,2,1375,2012-02-08 15:42:53,40.400001
1119040,1,2,1376,2012-02-08 15:42:56,40.400001
1119040,1,2,1377,2012-02-08 15:42:59,40.400001
1119040,1,2,1378,2012-02-08 15:43:02,39.799999
1119040,1,2,1379,2012-02-08 15:43:05,39.799999
1119040,1,2,1380,2012-02-08 15:43:08,38.5
1119040,1,2,1381,2012-02-08 15:43:11,36.0
1119040,1,2,1382,2012-02-08 15:43:14,33.599998
1119040,1,2,1383,2012-02-08 15:43:17,28.6
1119040,1,2,1384,2012-02-08 15:43:20,23.0
1119040,1,2,1385,2012-02-08 15:43:23,16.2
1119040,1,2,1386,2012-02-08 15:43:26,8.699999
1119040,1,2,1387,2012-02-08 15:43:29,1.899999
1119040,1,2,1388,2012-02-08 15:43:43,13.699999
1119040,1,2,1389,2012-02-08 15:43:46,24.2
1119040,1,2,1390,2012-02-08 15:43:49,29.2
1119040,1,2,1391,2012-02-08 15:43:52,26.1
1119040,1,2,1392,2012-02-08 15:43:55,20.5
1119040,1,2,1393,2012-02-08 15:43:58,14.3
1119040,1,2,1394,2012-02-08 15:44:01,5.599999
1119040,1,2,1395,2012-02-08 15:44:05,1.2
1119040,1,2,1396,2012-02-08 15:44:08,13.699999
1119040,1,2,1397,2012-02-08 15:44:11,23.6
1119040,1,2,1398,2012-02-08 15:44:14,24.899999
1119040,1,2,1399,2012-02-08 15:44:17,22.399999
1119040,1,2,1400,2012-02-08 15:44:20,15.5
1119040,1,2,1401,2012-02-08 15:44:23,5.0
1119040,1,2,1402,2012-02-08 15:44:30,3.099999
1119040,1,2,1403,2012-02-08 15:44:33,11.199999
1119040,1,2,1404,2012-02-08 15:44:36,14.899999
1119040,1,2,1405,2012-02-08 15:44:39,24.2
1119040,1,2,1406,2012-02-08 15:44:42,34.2
1119040,1,2,1407,2012-02-08 15:44:45,42.299999
1119040,1,2,1408,2012-02-08 15:44:48,46.599998
1119040,1,2,1409,2012-02-08 15:44:51,50.299999
1119040,1,2,1410,2012-02-08 15:44:54,52.2
1119040,1,2,1411,2012-02-08 15:44:57,53.400001
1119040,1,2,1412,2012-02-08 15:45:00,53.400001
1119040,1,2,1413,2012-02-08 15:45:03,51.599998
1119040,1,2,1414,2012-02-08 15:45:06,51.0
1119040,1,2,1415,2012-02-08 15:45:09,51.0
1119040,1,2,1416,2012-02-08 15:45:12,50.299999
1119040,1,2,1417,2012-02-08 15:45:15,51.0
1119040,1,2,1418,2012-02-08 15:45:18,51.599998
1119040,1,2,1419,2012-02-08 15:45:21,51.599998
1119040,1,2,1420,2012-02-08 15:45:24,53.400001
1119040,1,2,1421,2012-02-08 15:45:27,58.400001
1119040,1,2,1422,2012-02-08 15:45:30,63.400001
1119040,1,2,1423,2012-02-08 15:45:33,68.400001
1119040,1,2,1424,2012-02-08 15:45:36,67.699996
1119040,1,2,1425,2012-02-08 15:45:39,68.400001
1119040,1,2,1426,2012-02-08 15:45:42,68.400001
1119040,1,2,1427,2012-02-08 15:45:45,69.0
1119040,1,2,1428,2012-02-08 15:45:48,68.400001
1119040,1,2,1429,2012-02-08 15:45:51,66.5
1119040,1,2,1430,2012-02-08 15:45:54,65.900001
1119040,1,2,1431,2012-02-08 15:45:57,65.199996
1119040,1,2,1432,2012-02-08 15:46:00,64.0
1119040,1,2,1433,2012-02-08 15:46:03,63.400001
1119040,1,2,1434,2012-02-08 15:46:06,62.799999
1119040,1,2,1435,2012-02-08 15:46:09,62.099998
1119040,1,2,1436,2012-02-08 15:46:12,61.5
1119040,1,2,1437,2012-02-08 15:46:15,60.299999
1119040,1,2,1438,2012-02-08 15:46:18,57.2
1119040,1,2,1439,2012-02-08 15:46:21,54.7
1119040,1,2,1440,2012-02-08 15:46:24,52.799999
1119040,1,2,1441,2012-02-08 15:46:27,52.2
1119040,1,2,1442,2012-02-08 15:46:30,49.099998
1119040,1,2,1443,2012-02-08 15:46:33,46.599998
1119040,1,2,1444,2012-02-08 15:46:36,50.299999
1119040,1,2,1445,2012-02-08 15:46:39,50.299999
1119040,1,2,1446,2012-02-08 15:46:42,51.599998
1119040,1,2,1447,2012-02-08 15:46:45,52.2
1119040,1,2,1448,2012-02-08 15:46:48,51.0
1119040,1,2,1449,2012-02-08 15:46:51,51.599998
1119040,1,2,1450,2012-02-08 15:46:54,51.0
1119040,1,2,1451,2012-02-08 15:46:57,51.0
1119040,1,2,1452,2012-02-08 15:47:00,52.799999
1119040,1,2,1453,2012-02-08 15:47:03,55.299999
1119040,1,2,1454,2012-02-08 15:47:06,56.5
1119040,1,2,1455,2012-02-08 15:47:09,57.2
1119040,1,2,1456,2012-02-08 15:47:12,57.2
1119040,1,2,1457,2012-02-08 15:47:15,58.400001
1119040,1,2,1458,2012-02-08 15:47:18,57.799999
1119040,1,2,1459,2012-02-08 15:47:21,58.5
1119040,1,2,1460,2012-02-08 15:47:24,59.0
1119040,1,2,1461,2012-02-08 15:47:27,58.400001
1119040,1,2,1462,2012-02-08 15:47:30,58.400001
1119040,1,2,1463,2012-02-08 15:47:33,59.0
1119040,1,2,1464,2012-02-08 15:47:36,58.400001
1119040,1,2,1465,2012-02-08 15:47:39,55.900001
1119040,1,2,1466,2012-02-08 15:47:42,54.7
1119040,1,2,1467,2012-02-08 15:47:45,55.299999
1119040,1,2,1468,2012-02-08 15:47:48,54.7
1119040,1,2,1469,2012-02-08 15:47:51,54.7
1119040,1,2,1470,2012-02-08 15:47:54,54.7
1119040,1,2,1471,2012-02-08 15:47:57,55.299999
1119040,1,2,1472,2012-02-08 15:48:00,55.299999
1119040,1,2,1473,2012-02-08 15:48:03,57.2
1119040,1,2,1474,2012-02-08 15:48:06,57.2
1119040,1,2,1475,2012-02-08 15:48:09,57.2
1119040,1,2,1476,2012-02-08 15:48:12,57.799999
1119040,1,2,1477,2012-02-08 15:48:15,57.2
1119040,1,2,1478,2012-02-08 15:48:18,55.900001
1119040,1,2,1479,2012-02-08 15:48:21,55.299999
1119040,1,2,1480,2012-02-08 15:48:24,54.7
1119040,1,2,1481,2012-02-08 15:48:27,53.400001
1119040,1,2,1482,2012-02-08 15:48:30,54.099998
1119040,1,2,1483,2012-02-08 15:48:33,55.299999
1119040,1,2,1484,2012-02-08 15:48:36,56.5
1119040,1,2,1485,2012-02-08 15:48:39,57.2
1119040,1,2,1486,2012-02-08 15:48:42,58.400001
1119040,1,2,1487,2012-02-08 15:48:45,62.099998
1119040,1,2,1488,2012-02-08 15:48:48,64.0
1119040,1,2,1489,2012-02-08 15:48:51,62.799999
1119040,1,2,1490,2012-02-08 15:48:54,62.099998
1119040,1,2,1491,2012-02-08 15:48:57,62.099998
1119040,1,2,1492,2012-02-08 15:49:00,61.5
1119040,1,2,1493,2012-02-08 15:49:03,60.900001
1119040,1,2,1494,2012-02-08 15:49:06,60.900001
1119040,1,2,1495,2012-02-08 15:49:09,60.299999
1119040,1,2,1496,2012-02-08 15:49:12,60.900001
1119040,1,2,1497,2012-02-08 15:49:15,60.299999
1119040,1,2,1498,2012-02-08 15:49:18,60.299999
1119040,1,2,1499,2012-02-08 15:49:21,59.0
1119040,1,2,1500,2012-02-08 15:49:24,59.0
1119040,1,2,1501,2012-02-08 15:49:27,59.7
1119040,1,2,1502,2012-02-08 15:49:30,60.299999
1119040,1,2,1503,2012-02-08 15:49:33,60.299999
1119040,1,2,1504,2012-02-08 15:49:36,62.099998
1119040,1,2,1505,2012-02-08 15:49:39,61.5
1119040,1,2,1506,2012-02-08 15:49:42,61.5
1119040,1,2,1507,2012-02-08 15:49:45,63.400001
1119040,1,2,1508,2012-02-08 15:49:48,63.400001
1119040,1,2,1509,2012-02-08 15:49:51,62.799999
1119040,1,2,1510,2012-02-08 15:49:54,62.799999
1119040,1,2,1511,2012-02-08 15:49:57,60.900001
1119040,1,2,1512,2012-02-08 15:50:00,59.0
1119040,1,2,1513,2012-02-08 15:50:03,57.2
1119040,1,2,1514,2012-02-08 15:50:06,54.7
1119040,1,2,1515,2012-02-08 15:50:09,49.7
1119040,1,2,1516,2012-02-08 15:50:12,44.7
1119040,1,2,1517,2012-02-08 15:50:15,40.400001
1119040,1,2,1518,2012-02-08 15:50:18,34.2
1119040,1,2,1519,2012-02-08 15:50:21,30.399999
1119040,1,2,1520,2012-02-08 15:50:24,28.6
1119040,1,2,1521,2012-02-08 15:50:27,26.7
1119040,1,2,1522,2012-02-08 15:50:30,23.6
1119040,1,2,1523,2012-02-08 15:50:33,16.2
1119040,1,2,1524,2012-02-08 15:50:36,7.5
1119040,1,2,1525,2012-02-08 15:50:50,3.099999
1119040,1,2,1526,2012-02-08 15:50:53,9.899999
1119040,1,2,1527,2012-02-08 15:50:56,12.399999
1119040,1,2,1528,2012-02-08 15:50:59,17.399999
1119040,1,2,1529,2012-02-08 15:51:02,23.0
1119040,1,2,1530,2012-02-08 15:51:05,21.7
1119040,1,2,1531,2012-02-08 15:51:08,20.5
1119040,1,2,1532,2012-02-08 15:51:11,14.899999
1119040,1,2,1533,2012-02-08 15:51:14,10.6
1119040,1,2,1534,2012-02-08 15:51:17,7.5
1119040,1,2,1535,2012-02-08 15:51:20,2.5
1119040,1,2,1536,2012-02-08 15:51:42,1.899999
1119040,1,2,1537,2012-02-08 15:51:45,11.199999
1119040,1,2,1538,2012-02-08 15:51:48,15.5
1119040,1,2,1539,2012-02-08 15:51:51,18.6
1119040,1,2,1540,2012-02-08 15:51:54,18.6
1119040,1,2,1541,2012-02-08 15:51:57,14.3
1119040,1,2,1542,2012-02-08 15:52:00,11.199999
1119040,1,2,1543,2012-02-08 15:52:03,16.799999
1119040,1,2,1544,2012-02-08 15:52:06,24.899999
1119040,1,2,1545,2012-02-08 15:52:09,29.799999
1119040,1,2,1546,2012-02-08 15:52:12,32.299999
1119040,1,2,1547,2012-02-08 15:52:15,31.7
1119040,1,2,1548,2012-02-08 15:52:18,31.1
1119040,1,2,1549,2012-02-08 15:52:21,31.7
1119040,1,2,1550,2012-02-08 15:52:24,29.799999
1119040,1,2,1551,2012-02-08 15:52:27,28.0
1119040,1,2,1552,2012-02-08 15:52:30,18.0
1119040,1,2,1553,2012-02-08 15:52:33,6.199999
1119040,1,2,1554,2012-02-08 15:53:15,1.899999
1119040,1,2,1555,2012-02-08 15:53:18,14.3
1119040,1,2,1556,2012-02-08 15:53:21,24.899999
1119040,1,2,1557,2012-02-08 15:53:24,30.399999
1119040,1,2,1558,2012-02-08 15:53:27,33.599998
1119040,1,2,1559,2012-02-08 15:53:30,35.400001
1119040,1,2,1560,2012-02-08 15:53:33,34.799999
1119040,1,2,1561,2012-02-08 15:53:36,34.799999
1119040,1,2,1562,2012-02-08 15:53:39,32.900001
1119040,1,2,1563,2012-02-08 15:53:42,29.2
1119040,1,2,1564,2012-02-08 15:53:45,19.899999
1119040,1,2,1565,2012-02-08 15:53:48,6.199999
1119040,1,2,1566,2012-02-08 15:54:24,1.899999
1119040,1,2,1567,2012-02-08 15:54:27,11.199999
1119040,1,2,1568,2012-02-08 15:54:30,14.3
1119040,1,2,1569,2012-02-08 15:54:33,19.899999
1119040,1,2,1570,2012-02-08 15:54:36,21.7
1119040,1,2,1571,2012-02-08 15:54:39,21.1
1119040,1,2,1572,2012-02-08 15:54:42,23.0
1119040,1,2,1573,2012-02-08 15:54:45,25.5
1119040,1,2,1574,2012-02-08 15:54:48,24.899999
1119040,1,2,1575,2012-02-08 15:54:51,25.5
1119040,1,2,1576,2012-02-08 15:54:54,26.1
1119040,1,2,1577,2012-02-08 15:54:57,25.5
1119040,1,2,1578,2012-02-08 15:55:00,25.5
1119040,1,2,1579,2012-02-08 15:55:03,23.0
1119040,1,2,1580,2012-02-08 15:55:06,18.6
1119040,1,2,1581,2012-02-08 15:55:09,12.399999
1119040,1,2,1582,2012-02-08 15:55:12,6.199999
1119040,1,2,1583,2012-02-08 15:55:22,1.899999
1119040,1,2,1584,2012-02-08 15:55:25,8.1
1119040,1,2,1585,2012-02-08 15:55:28,9.3
1119040,1,2,1586,2012-02-08 15:55:31,8.699999
1119040,1,2,1587,2012-02-08 15:55:34,7.5
1119040,1,2,1588,2012-02-08 15:55:37,8.1
1119040,1,2,1589,2012-02-08 15:55:40,5.599999
1119040,1,2,1590,2012-02-08 15:55:43,6.8
1119040,1,2,1591,2012-02-08 15:55:46,8.1
1119040,1,2,1592,2012-02-08 15:55:49,7.5
1119040,1,2,1593,2012-02-08 15:55:52,5.599999
1119040,1,2,1594,2012-02-08 15:55:55,4.3
1119040,1,2,1595,2012-02-08 15:55:58,3.7
1119040,1,2,1597,2012-02-08 15:58:40,1.899999
1119040,1,2,1598,2012-02-08 15:58:49,1.2
1119040,1,2,1599,2012-02-08 15:58:52,1.2
1119040,1,2,1600,2012-02-08 15:58:55,2.2
1119040,1,2,1601,2012-02-08 15:58:58,1.899999
1119040,1,2,1602,2012-02-08 15:59:01,2.5
1119040,1,2,1603,2012-02-08 15:59:04,1.899999
1119040,1,2,1604,2012-02-08 15:59:07,2.5
1119040,1,2,1605,2012-02-08 15:59:10,1.899999
1119040,1,2,1606,2012-02-08 15:59:13,1.2
1119040,1,2,1607,2012-02-08 15:59:16,1.2
1119040,1,2,1608,2012-02-08 15:59:19,2.5
1119040,1,2,1609,2012-02-08 15:59:23,1.2
1119040,1,2,1610,2012-02-08 15:59:29,1.2
1119040,1,2,1611,2012-02-08 15:59:34,1.2
1119040,1,2,1612,2012-02-08 16:00:00,1.2
1119040,1,3,1615,2012-02-09 06:12:24,1.2
1119040,1,3,1616,2012-02-09 06:13:59,1.899999
1119040,1,3,1617,2012-02-09 06:14:02,1.899999
1119040,1,3,1618,2012-02-09 06:14:05,1.2
1119040,1,3,1619,2012-02-09 06:14:08,1.899999
1119040,1,3,1620,2012-02-09 06:14:11,1.899999
1119040,1,3,1621,2012-02-09 06:14:14,1.899999
1119040,1,3,1622,2012-02-09 06:14:18,1.2
1119040,1,3,1623,2012-02-09 06:14:21,1.2
1119040,1,3,1624,2012-02-09 06:14:27,1.2
1119040,1,3,1625,2012-02-09 06:14:31,1.2
1119040,1,3,1626,2012-02-09 06:14:35,1.2
1119040,1,3,1627,2012-02-09 06:16:06,1.2
1119040,1,3,1628,2012-02-09 06:16:09,1.899999
1119040,1,3,1629,2012-02-09 06:16:13,1.2
1119040,1,3,1630,2012-02-09 06:16:16,2.5
1119040,1,3,1631,2012-02-09 06:16:19,5.599999
1119040,1,3,1632,2012-02-09 06:16:22,5.599999
1119040,1,3,1633,2012-02-09 06:16:25,5.599999
1119040,1,3,1634,2012-02-09 06:16:28,6.199999
1119040,1,3,1635,2012-02-09 06:16:31,6.8
1119040,1,3,1636,2012-02-09 06:16:34,7.5
1119040,1,3,1637,2012-02-09 06:16:37,7.5
1119040,1,3,1638,2012-02-09 06:16:40,6.199999
1119040,1,3,1639,2012-02-09 06:16:43,7.5
1119040,1,3,1640,2012-02-09 06:16:46,7.5
1119040,1,3,1641,2012-02-09 06:16:49,5.599999
1119040,1,3,1642,2012-02-09 06:16:52,1.899999
1119040,1,3,1643,2012-02-09 06:16:58,2.5
1119040,1,3,1644,2012-02-09 06:17:01,4.3
1119040,1,3,1645,2012-02-09 06:17:04,5.599999
1119040,1,3,1646,2012-02-09 06:17:07,11.8
1119040,1,3,1647,2012-02-09 06:17:10,17.399999
1119040,1,3,1648,2012-02-09 06:17:13,20.5
1119040,1,3,1649,2012-02-09 06:17:16,23.0
1119040,1,3,1650,2012-02-09 06:17:19,24.2
1119040,1,3,1651,2012-02-09 06:17:22,24.899999
1119040,1,3,1652,2012-02-09 06:17:25,25.5
1119040,1,3,1653,2012-02-09 06:17:28,26.1
1119040,1,3,1654,2012-02-09 06:17:31,27.299999
1119040,1,3,1655,2012-02-09 06:17:34,28.0
1119040,1,3,1656,2012-02-09 06:17:37,26.1
1119040,1,3,1657,2012-02-09 06:17:40,22.399999
1119040,1,3,1658,2012-02-09 06:17:43,14.899999
1119040,1,3,1659,2012-02-09 06:17:46,6.199999
1119040,1,3,1660,2012-02-09 06:17:56,1.899999
1119040,1,3,1661,2012-02-09 06:17:59,11.199999
1119040,1,3,1662,2012-02-09 06:18:02,16.2
1119040,1,3,1663,2012-02-09 06:18:05,23.0
1119040,1,3,1664,2012-02-09 06:18:08,28.6
1119040,1,3,1665,2012-02-09 06:18:11,30.399999
1119040,1,3,1666,2012-02-09 06:18:14,32.299999
1119040,1,3,1667,2012-02-09 06:18:17,32.900001
1119040,1,3,1668,2012-02-09 06:18:20,33.599998
1119040,1,3,1669,2012-02-09 06:18:23,33.599998
1119040,1,3,1670,2012-02-09 06:18:26,34.2
1119040,1,3,1671,2012-02-09 06:18:29,34.2
1119040,1,3,1672,2012-02-09 06:18:32,34.799999
1119040,1,3,1673,2012-02-09 06:18:35,34.2
1119040,1,3,1674,2012-02-09 06:18:38,34.2
1119040,1,3,1675,2012-02-09 06:18:41,34.2
1119040,1,3,1676,2012-02-09 06:18:44,34.2
1119040,1,3,1677,2012-02-09 06:18:47,33.599998
1119040,1,3,1678,2012-02-09 06:18:50,32.900001
1119040,1,3,1679,2012-02-09 06:18:53,28.6
1119040,1,3,1680,2012-02-09 06:18:56,19.899999
1119040,1,3,1681,2012-02-09 06:18:59,14.3
1119040,1,3,1682,2012-02-09 06:19:02,15.5
1119040,1,3,1683,2012-02-09 06:19:05,23.6
1119040,1,3,1684,2012-02-09 06:19:08,29.2
1119040,1,3,1685,2012-02-09 06:19:11,31.7
1119040,1,3,1686,2012-02-09 06:19:14,31.7
1119040,1,3,1687,2012-02-09 06:19:17,28.6
1119040,1,3,1688,2012-02-09 06:19:20,18.6
1119040,1,3,1689,2012-02-09 06:19:23,6.8
1119040,1,3,1690,2012-02-09 06:19:37,3.099999
1119040,1,3,1691,2012-02-09 06:19:40,14.3
1119040,1,3,1692,2012-02-09 06:19:43,23.0
1119040,1,3,1693,2012-02-09 06:19:46,26.1
1119040,1,3,1694,2012-02-09 06:19:53,20.5
1119040,1,3,1695,2012-02-09 06:19:56,6.199999
1119040,1,3,1696,2012-02-09 06:20:11,1.899999
1119040,1,3,1697,2012-02-09 06:20:14,9.899999
1119040,1,3,1698,2012-02-09 06:20:17,17.399999
1119040,1,3,1699,2012-02-09 06:20:20,30.399999
1119040,1,3,1700,2012-02-09 06:20:23,39.099998
1119040,1,3,1701,2012-02-09 06:20:26,46.599998
1119040,1,3,1702,2012-02-09 06:20:29,50.299999
1119040,1,3,1703,2012-02-09 06:20:32,57.2
1119040,1,3,1704,2012-02-09 06:20:35,63.400001
1119040,1,3,1705,2012-02-09 06:20:38,67.099998
1119040,1,3,1706,2012-02-09 06:20:41,69.0
1119040,1,3,1707,2012-02-09 06:20:44,69.599998
1119040,1,3,1708,2012-02-09 06:20:47,69.599998
1119040,1,3,1709,2012-02-09 06:20:50,70.199996
1119040,1,3,1710,2012-02-09 06:20:53,71.5
1119040,1,3,1711,2012-02-09 06:20:56,69.0
1119040,1,3,1712,2012-02-09 06:20:59,68.400001
1119040,1,3,1713,2012-02-09 06:21:02,67.099998
1119040,1,3,1714,2012-02-09 06:21:05,65.199996
1119040,1,3,1715,2012-02-09 06:21:08,65.900001
1119040,1,3,1716,2012-02-09 06:21:11,65.900001
1119040,1,3,1717,2012-02-09 06:21:14,65.199996
1119040,1,3,1718,2012-02-09 06:21:17,65.199996
1119040,1,3,1719,2012-02-09 06:21:20,64.0
1119040,1,3,1720,2012-02-09 06:21:23,64.0
1119040,1,3,1721,2012-02-09 06:21:26,64.599998
1119040,1,3,1722,2012-02-09 06:21:29,64.599998
1119040,1,3,1723,2012-02-09 06:21:32,65.199996
1119040,1,3,1724,2012-02-09 06:21:35,65.199996
1119040,1,3,1725,2012-02-09 06:21:38,64.599998
1119040,1,3,1726,2012-02-09 06:21:41,63.400001
1119040,1,3,1727,2012-02-09 06:21:44,63.400001
1119040,1,3,1728,2012-02-09 06:21:47,64.0
1119040,1,3,1729,2012-02-09 06:21:50,63.400001
1119040,1,3,1730,2012-02-09 06:21:53,63.400001
1119040,1,3,1731,2012-02-09 06:21:56,63.599998
1119040,1,3,1732,2012-02-09 06:21:59,62.799999
1119040,1,3,1733,2012-02-09 06:22:02,61.5
1119040,1,3,1734,2012-02-09 06:22:05,62.799999
1119040,1,3,1735,2012-02-09 06:22:08,65.199996
1119040,1,3,1736,2012-02-09 06:22:11,64.0
1119040,1,3,1737,2012-02-09 06:22:14,64.0
1119040,1,3,1738,2012-02-09 06:22:17,64.599998
1119040,1,3,1739,2012-02-09 06:22:20,65.199996
1119040,1,3,1740,2012-02-09 06:22:23,65.199996
1119040,1,3,1741,2012-02-09 06:22:26,65.900001
1119040,1,3,1742,2012-02-09 06:22:29,65.900001
1119040,1,3,1743,2012-02-09 06:22:32,65.900001
1119040,1,3,1744,2012-02-09 06:22:35,65.199996
1119040,1,3,1745,2012-02-09 06:22:38,65.900001
1119040,1,3,1746,2012-02-09 06:22:41,65.900001
1119040,1,3,1747,2012-02-09 06:22:44,66.5
1119040,1,3,1748,2012-02-09 06:22:47,66.5
1119040,1,3,1749,2012-02-09 06:22:50,67.099998
1119040,1,3,1750,2012-02-09 06:22:53,68.400001
1119040,1,3,1751,2012-02-09 06:22:56,67.699996
1119040,1,3,1752,2012-02-09 06:22:59,67.699996
1119040,1,3,1753,2012-02-09 06:23:02,69.0
1119040,1,3,1754,2012-02-09 06:23:05,69.599998
1119040,1,3,1755,2012-02-09 06:23:08,69.599998
1119040,1,3,1756,2012-02-09 06:23:11,69.0
1119040,1,3,1757,2012-02-09 06:23:14,68.400001
1119040,1,3,1758,2012-02-09 06:23:17,68.400001
1119040,1,3,1759,2012-02-09 06:23:20,69.599998
1119040,1,3,1760,2012-02-09 06:23:23,69.599998
1119040,1,3,1761,2012-02-09 06:23:26,69.0
1119040,1,3,1762,2012-02-09 06:23:29,69.599998
1119040,1,3,1763,2012-02-09 06:23:32,70.800003
1119040,1,3,1764,2012-02-09 06:23:35,70.800003
1119040,1,3,1765,2012-02-09 06:23:38,70.199996
1119040,1,3,1766,2012-02-09 06:23:41,70.800003
1119040,1,3,1767,2012-02-09 06:23:44,68.400001
1119040,1,3,1768,2012-02-09 06:23:47,69.0
1119040,1,3,1769,2012-02-09 06:23:50,69.0
1119040,1,3,1770,2012-02-09 06:23:53,68.400001
1119040,1,3,1771,2012-02-09 06:23:56,69.0
1119040,1,3,1772,2012-02-09 06:23:59,69.0
1119040,1,3,1773,2012-02-09 06:24:02,69.0
1119040,1,3,1774,2012-02-09 06:24:05,68.400001
1119040,1,3,1775,2012-02-09 06:24:08,67.699996
1119040,1,3,1776,2012-02-09 06:24:11,68.400001
1119040,1,3,1777,2012-02-09 06:24:14,67.699996
1119040,1,3,1778,2012-02-09 06:24:17,66.5
1119040,1,3,1779,2012-02-09 06:24:20,65.900001
1119040,1,3,1780,2012-02-09 06:24:23,65.900001
1119040,1,3,1781,2012-02-09 06:24:26,67.099998
1119040,1,3,1782,2012-02-09 06:24:29,67.099998
1119040,1,3,1783,2012-02-09 06:24:32,67.099998
1119040,1,3,1784,2012-02-09 06:24:35,66.5
1119040,1,3,1785,2012-02-09 06:24:38,67.099998
1119040,1,3,1786,2012-02-09 06:24:41,67.099998
1119040,1,3,1787,2012-02-09 06:24:44,67.099998
1119040,1,3,1788,2012-02-09 06:24:47,67.699996
1119040,1,3,1789,2012-02-09 06:24:50,67.099998
1119040,1,3,1790,2012-02-09 06:24:53,67.099998
1119040,1,3,1791,2012-02-09 06:24:56,67.099998
1119040,1,3,1792,2012-02-09 06:24:59,67.099998
1119040,1,3,1793,2012-02-09 06:25:02,67.099998
1119040,1,3,1794,2012-02-09 06:25:05,67.699996
1119040,1,3,1795,2012-02-09 06:25:08,67.699996
1119040,1,3,1796,2012-02-09 06:25:11,67.699996
1119040,1,3,1797,2012-02-09 06:25:14,66.5
1119040,1,3,1798,2012-02-09 06:25:17,67.099998
1119040,1,3,1799,2012-02-09 06:25:20,66.5
1119040,1,3,1800,2012-02-09 06:25:23,66.5
1119040,1,3,1801,2012-02-09 06:25:26,66.5
1119040,1,3,1802,2012-02-09 06:25:29,67.099998
1119040,1,3,1803,2012-02-09 06:25:32,67.099998
1119040,1,3,1804,2012-02-09 06:25:35,67.099998
1119040,1,3,1805,2012-02-09 06:25:38,67.099998
1119040,1,3,1806,2012-02-09 06:25:41,67.099998
1119040,1,3,1807,2012-02-09 06:25:44,67.099998
1119040,1,3,1808,2012-02-09 06:25:47,67.099998
1119040,1,3,1809,2012-02-09 06:25:50,67.099998
1119040,1,3,1810,2012-02-09 06:25:53,66.5
1119040,1,3,1811,2012-02-09 06:25:56,65.900001
1119040,1,3,1812,2012-02-09 06:25:59,67.099998
1119040,1,3,1813,2012-02-09 06:26:02,67.699996
1119040,1,3,1814,2012-02-09 06:26:05,67.699996
1119040,1,3,1815,2012-02-09 06:26:08,67.699996
1119040,1,3,1816,2012-02-09 06:26:11,67.099998
1119040,1,3,1817,2012-02-09 06:26:14,64.0
1119040,1,3,1818,2012-02-09 06:26:17,62.099998
1119040,1,3,1819,2012-02-09 06:26:20,59.7
1119040,1,3,1820,2012-02-09 06:26:23,56.5
1119040,1,3,1821,2012-02-09 06:26:26,58.400001
1119040,1,3,1822,2012-02-09 06:26:29,58.400001
1119040,1,3,1823,2012-02-09 06:26:32,58.400001
1119040,1,3,1824,2012-02-09 06:26:35,55.299999
1119040,1,3,1825,2012-02-09 06:26:38,52.2
1119040,1,3,1826,2012-02-09 06:26:41,48.5
1119040,1,3,1827,2012-02-09 06:26:44,46.0
1119040,1,3,1828,2012-02-09 06:26:47,43.5
1119040,1,3,1829,2012-02-09 06:26:50,41.599998
1119040,1,3,1830,2012-02-09 06:26:53,39.099998
1119040,1,3,1831,2012-02-09 06:26:56,34.2
1119040,1,3,1832,2012-02-09 06:26:59,29.799999
1119040,1,3,1833,2012-02-09 06:27:02,21.1
1119040,1,3,1834,2012-02-09 06:27:05,8.1
1119040,1,3,1835,2012-02-09 06:27:18,3.7
1119040,1,3,1836,2012-02-09 06:27:21,14.3
1119040,1,3,1837,2012-02-09 06:27:24,17.399999
1119040,1,3,1838,2012-02-09 06:27:27,24.2
1119040,1,3,1839,2012-02-09 06:27:30,26.1
1119040,1,3,1840,2012-02-09 06:27:33,23.6
1119040,1,3,1841,2012-02-09 06:27:36,18.6
1119040,1,3,1842,2012-02-09 06:27:39,14.899999
1119040,1,3,1843,2012-02-09 06:27:42,10.6
1119040,1,3,1844,2012-02-09 06:27:45,21.7
1119040,1,3,1845,2012-02-09 06:27:48,30.399999
1119040,1,3,1846,2012-02-09 06:27:51,34.2
1119040,1,3,1847,2012-02-09 06:27:54,35.400001
1119040,1,3,1848,2012-02-09 06:27:57,36.0
1119040,1,3,1849,2012-02-09 06:28:00,36.7
1119040,1,3,1850,2012-02-09 06:28:03,32.299999
1119040,1,3,1851,2012-02-09 06:28:06,24.899999
1119040,1,3,1852,2012-02-09 06:28:09,16.2
1119040,1,3,1853,2012-02-09 06:28:12,6.8
1119040,1,3,1854,2012-02-09 06:28:18,4.3
1119040,1,3,1855,2012-02-09 06:28:21,16.2
1119040,1,3,1856,2012-02-09 06:28:24,26.1
1119040,1,3,1857,2012-02-09 06:28:27,31.7
1119040,1,3,1858,2012-02-09 06:28:30,32.299999
1119040,1,3,1859,2012-02-09 06:28:33,32.900001
1119040,1,3,1860,2012-02-09 06:28:36,32.900001
1119040,1,3,1861,2012-02-09 06:28:39,32.900001
1119040,1,3,1862,2012-02-09 06:28:42,31.1
1119040,1,3,1863,2012-02-09 06:28:45,33.599998
1119040,1,3,1864,2012-02-09 06:28:48,36.7
1119040,1,3,1865,2012-02-09 06:28:51,37.299999
1119040,1,3,1866,2012-02-09 06:28:54,37.299999
1119040,1,3,1867,2012-02-09 06:28:57,37.299999
1119040,1,3,1868,2012-02-09 06:29:00,37.900001
1119040,1,3,1869,2012-02-09 06:29:03,37.900001
1119040,1,3,1870,2012-02-09 06:29:06,37.900001
1119040,1,3,1871,2012-02-09 06:29:09,38.5
1119040,1,3,1872,2012-02-09 06:29:12,37.900001
1119040,1,3,1873,2012-02-09 06:29:15,38.5
1119040,1,3,1874,2012-02-09 06:29:18,37.900001
1119040,1,3,1875,2012-02-09 06:29:21,37.799999
1119040,1,3,1876,2012-02-09 06:29:24,38.5
1119040,1,3,1877,2012-02-09 06:29:27,38.5
1119040,1,3,1878,2012-02-09 06:29:30,38.5
1119040,1,3,1879,2012-02-09 06:29:33,38.5
1119040,1,3,1880,2012-02-09 06:29:36,38.5
1119040,1,3,1881,2012-02-09 06:29:39,39.099998
1119040,1,3,1882,2012-02-09 06:29:42,39.799999
1119040,1,3,1883,2012-02-09 06:29:45,39.799999
1119040,1,3,1884,2012-02-09 06:29:48,37.900001
1119040,1,3,1885,2012-02-09 06:29:51,36.0
1119040,1,3,1886,2012-02-09 06:29:54,36.0
1119040,1,3,1887,2012-02-09 06:29:57,37.299999
1119040,1,3,1888,2012-02-09 06:30:00,37.299999
1119040,1,3,1889,2012-02-09 06:30:03,34.799999
1119040,1,3,1890,2012-02-09 06:30:06,28.0
1119040,1,3,1891,2012-02-09 06:30:09,18.6
1119040,1,3,1892,2012-02-09 06:30:12,10.6
1119040,1,3,1893,2012-02-09 06:30:15,6.199999
1119040,1,3,1894,2012-02-09 06:30:18,5.0
1119040,1,3,1895,2012-02-09 06:30:21,6.199999
1119040,1,3,1896,2012-02-09 06:30:24,3.7
1119040,1,3,1897,2012-02-09 06:30:27,1.2
1119040,1,3,1898,2012-02-09 06:30:33,1.2
1119040,1,3,1899,2012-02-09 06:30:44,1.2
1119040,1,3,1901,2012-02-09 06:33:49,1.2
1119040,1,3,1902,2012-02-09 06:34:01,1.2
1119040,1,3,1903,2012-02-09 06:34:04,1.2
1119040,1,3,1904,2012-02-09 06:34:08,1.2
1119040,1,3,1905,2012-02-09 06:34:11,1.2
1119040,1,3,1906,2012-02-09 06:34:14,1.2
1119040,1,3,1907,2012-02-09 06:34:17,1.2
1119040,1,3,1908,2012-02-09 06:34:20,1.899999
1119040,1,3,1909,2012-02-09 06:34:23,1.2
1119040,1,3,1910,2012-02-09 06:34:26,1.899999
1119040,1,3,1911,2012-02-09 06:34:29,1.899999
1119040,1,3,1912,2012-02-09 06:34:32,1.899999
1119040,1,3,1913,2012-02-09 06:34:35,1.899999
1119040,1,3,1914,2012-02-09 06:34:38,1.2
1119040,1,3,1915,2012-02-09 06:34:41,1.2
1119040,1,3,1916,2012-02-09 06:34:44,1.899999
1119040,1,3,1917,2012-02-09 06:34:47,1.899999
1119040,1,3,1918,2012-02-09 06:34:50,1.899999
1119040,1,3,1919,2012-02-09 06:34:53,1.2
1119040,1,3,1920,2012-02-09 06:34:56,1.2
1119040,1,3,1921,2012-02-09 06:34:59,1.2
1119040,1,3,1922,2012-02-09 06:35:05,1.899999
1119040,1,3,1923,2012-02-09 06:35:08,1.899999
1119040,1,3,1924,2012-02-09 06:35:11,1.2
1119040,1,3,1925,2012-02-09 06:35:14,1.899999
1119040,1,3,1926,2012-02-09 06:35:17,1.899999
1119040,1,3,1927,2012-02-09 06:35:20,1.899999
1119040,1,3,1928,2012-02-09 06:35:23,1.899999
1119040,1,3,1929,2012-02-09 06:35:26,1.899999
1119040,1,3,1930,2012-02-09 06:35:32,1.899999
1119040,1,3,1931,2012-02-09 06:35:35,1.2
1119040,1,4,1936,2012-02-09 15:34:24,5.599999
1119040,1,4,1937,2012-02-09 15:34:27,5.0
1119040,1,4,1938,2012-02-09 15:34:30,7.5
1119040,1,4,1939,2012-02-09 15:34:33,8.1
1119040,1,4,1940,2012-02-09 15:34:36,7.5
1119040,1,4,1941,2012-02-09 15:34:39,8.1
1119040,1,4,1942,2012-02-09 15:34:42,8.1
1119040,1,4,1943,2012-02-09 15:34:45,9.899999
1119040,1,4,1944,2012-02-09 15:34:48,10.6
1119040,1,4,1945,2012-02-09 15:34:51,9.3
1119040,1,4,1946,2012-02-09 15:34:54,8.699999
1119040,1,4,1947,2012-02-09 15:34:57,9.3
1119040,1,4,1948,2012-02-09 15:35:00,9.899999
1119040,1,4,1949,2012-02-09 15:35:03,9.899999
1119040,1,4,1950,2012-02-09 15:35:06,9.3
1119040,1,4,1951,2012-02-09 15:35:09,10.6
1119040,1,4,1952,2012-02-09 15:35:12,9.899999
1119040,1,4,1953,2012-02-09 15:35:15,10.6
1119040,1,4,1954,2012-02-09 15:35:18,9.3
1119040,1,4,1955,2012-02-09 15:35:21,5.0
1119040,1,4,1956,2012-02-09 15:35:24,6.199999
1119040,1,4,1957,2012-02-09 15:35:27,14.3
1119040,1,4,1958,2012-02-09 15:35:30,23.6
1119040,1,4,1959,2012-02-09 15:35:33,26.7
1119040,1,4,1960,2012-02-09 15:35:36,28.0
1119040,1,4,1961,2012-02-09 15:35:39,28.6
1119040,1,4,1962,2012-02-09 15:35:42,29.2
1119040,1,4,1963,2012-02-09 15:35:45,29.2
1119040,1,4,1964,2012-02-09 15:35:48,28.6
1119040,1,4,1965,2012-02-09 15:35:51,28.0
1119040,1,4,1966,2012-02-09 15:35:54,29.2
1119040,1,4,1967,2012-02-09 15:35:57,29.2
1119040,1,4,1968,2012-02-09 15:36:00,30.399999
1119040,1,4,1969,2012-02-09 15:36:03,31.1
1119040,1,4,1970,2012-02-09 15:36:06,31.7
1119040,1,4,1971,2012-02-09 15:36:09,29.2
1119040,1,4,1972,2012-02-09 15:36:12,25.5
1119040,1,4,1973,2012-02-09 15:36:15,15.5
1119040,1,4,1974,2012-02-09 15:36:18,13.699999
1119040,1,4,1975,2012-02-09 15:36:21,24.2
1119040,1,4,1976,2012-02-09 15:36:24,32.299999
1119040,1,4,1977,2012-02-09 15:36:27,32.900001
1119040,1,4,1978,2012-02-09 15:36:30,34.2
1119040,1,4,1979,2012-02-09 15:36:33,34.799999
1119040,1,4,1980,2012-02-09 15:36:36,33.599998
1119040,1,4,1981,2012-02-09 15:36:39,31.7
1119040,1,4,1982,2012-02-09 15:36:42,22.399999
1119040,1,4,1983,2012-02-09 15:36:45,13.699999
1119040,1,4,1984,2012-02-09 15:36:48,3.099999
1119040,1,4,1985,2012-02-09 15:37:20,2.5
1119040,1,4,1986,2012-02-09 15:37:23,14.3
1119040,1,4,1987,2012-02-09 15:37:26,24.899999
1119040,1,4,1988,2012-02-09 15:37:29,30.399999
1119040,1,4,1989,2012-02-09 15:37:32,32.299999
1119040,1,4,1990,2012-02-09 15:37:35,32.299999
1119040,1,4,1991,2012-02-09 15:37:38,31.1
1119040,1,4,1992,2012-02-09 15:37:41,30.399999
1119040,1,4,1993,2012-02-09 15:37:44,28.0
1119040,1,4,1994,2012-02-09 15:37:47,26.7
1119040,1,4,1995,2012-02-09 15:37:50,19.299999
1119040,1,4,1996,2012-02-09 15:37:53,13.699999
1119040,1,4,1997,2012-02-09 15:37:56,5.0
1119040,1,4,1998,2012-02-09 15:37:59,3.7
1119040,1,4,1999,2012-02-09 15:38:02,3.099999
1119040,1,4,2000,2012-02-09 15:38:05,3.7
1119040,1,4,2001,2012-02-09 15:38:08,14.3
1119040,1,4,2002,2012-02-09 15:38:11,24.2
1119040,1,4,2003,2012-02-09 15:38:14,27.299999
1119040,1,4,2004,2012-02-09 15:38:17,30.399999
1119040,1,4,2005,2012-02-09 15:38:20,32.299999
1119040,1,4,2006,2012-02-09 15:38:23,34.799999
1119040,1,4,2007,2012-02-09 15:38:26,36.7
1119040,1,4,2008,2012-02-09 15:38:29,35.400001
1119040,1,4,2009,2012-02-09 15:38:32,36.0
1119040,1,4,2010,2012-02-09 15:38:35,37.299999
1119040,1,4,2011,2012-02-09 15:38:38,36.7
1119040,1,4,2012,2012-02-09 15:38:41,35.400001
1119040,1,4,2013,2012-02-09 15:38:44,33.599998
1119040,1,4,2014,2012-02-09 15:38:47,32.900001
1119040,1,4,2015,2012-02-09 15:38:50,32.900001
1119040,1,4,2016,2012-02-09 15:38:53,32.299999
1119040,1,4,2017,2012-02-09 15:38:56,29.2
1119040,1,4,2018,2012-02-09 15:38:59,19.899999
1119040,1,4,2019,2012-02-09 15:39:02,5.599999
1119040,1,4,2020,2012-02-09 15:39:24,1.2
1119040,1,4,2021,2012-02-09 15:39:27,3.099999
1119040,1,4,2022,2012-02-09 15:39:40,3.7
1119040,1,4,2023,2012-02-09 15:39:43,3.099999
1119040,1,4,2024,2012-02-09 15:40:02,6.199999
1119040,1,4,2025,2012-02-09 15:40:05,8.1
1119040,1,4,2026,2012-02-09 15:40:08,18.0
1119040,1,4,2027,2012-02-09 15:40:11,25.5
1119040,1,4,2028,2012-02-09 15:40:14,28.6
1119040,1,4,2029,2012-02-09 15:40:17,27.299999
1119040,1,4,2030,2012-02-09 15:40:20,28.6
1119040,1,4,2031,2012-02-09 15:40:23,26.1
1119040,1,4,2032,2012-02-09 15:40:26,23.0
1119040,1,4,2033,2012-02-09 15:40:29,18.0
1119040,1,4,2034,2012-02-09 15:40:32,10.6
1119040,1,4,2035,2012-02-09 15:40:35,9.899999
1119040,1,4,2036,2012-02-09 15:40:38,16.2
1119040,1,4,2037,2012-02-09 15:40:41,21.7
1119040,1,4,2038,2012-02-09 15:40:44,24.899999
1119040,1,4,2039,2012-02-09 15:40:47,26.7
1119040,1,4,2040,2012-02-09 15:40:50,24.2
1119040,1,4,2041,2012-02-09 15:40:53,23.0
1119040,1,4,2042,2012-02-09 15:40:56,25.5
1119040,1,4,2043,2012-02-09 15:40:59,24.899999
1119040,1,4,2044,2012-02-09 15:41:02,24.899999
1119040,1,4,2045,2012-02-09 15:41:05,26.1
1119040,1,4,2046,2012-02-09 15:41:08,26.1
1119040,1,4,2047,2012-02-09 15:41:11,24.2
1119040,1,4,2048,2012-02-09 15:41:14,20.5
1119040,1,4,2049,2012-02-09 15:41:17,18.6
1119040,1,4,2050,2012-02-09 15:41:20,11.199999
1119040,1,4,2051,2012-02-09 15:41:23,6.8
1119040,1,4,2052,2012-02-09 15:42:23,4.3
1119040,1,4,2053,2012-02-09 15:42:26,13.0
1119040,1,4,2054,2012-02-09 15:42:29,18.0
1119040,1,4,2055,2012-02-09 15:42:32,18.6
1119040,1,4,2056,2012-02-09 15:42:35,14.899999
1119040,1,4,2057,2012-02-09 15:42:38,11.8
1119040,1,4,2058,2012-02-09 15:42:41,9.899999
1119040,1,4,2059,2012-02-09 15:42:44,9.3
1119040,1,4,2060,2012-02-09 15:42:47,9.3
1119040,1,4,2061,2012-02-09 15:42:50,9.3
1119040,1,4,2062,2012-02-09 15:42:53,8.699999
1119040,1,4,2063,2012-02-09 15:42:56,6.199999
1119040,1,4,2064,2012-02-09 15:42:59,1.899999
1119040,1,5,2066,2012-02-09 16:06:45,1.899999
1119040,1,5,2067,2012-02-09 16:06:51,7.5
1119040,1,5,2068,2012-02-09 16:06:54,9.3
1119040,1,5,2069,2012-02-09 16:06:57,9.3
1119040,1,5,2070,2012-02-09 16:07:00,8.1
1119040,1,5,2071,2012-02-09 16:07:03,7.5
1119040,1,5,2072,2012-02-09 16:07:06,8.1
1119040,1,5,2073,2012-02-09 16:07:09,7.5
1119040,1,5,2074,2012-02-09 16:07:12,8.1
1119040,1,5,2075,2012-02-09 16:07:15,7.5
1119040,1,5,2076,2012-02-09 16:07:18,7.5
1119040,1,5,2077,2012-02-09 16:07:21,6.8
1119040,1,5,2078,2012-02-09 16:07:24,6.199999
1119040,1,5,2079,2012-02-09 16:07:27,7.5
1119040,1,5,2080,2012-02-09 16:07:30,10.6
1119040,1,5,2081,2012-02-09 16:07:33,9.899999
1119040,1,5,2082,2012-02-09 16:07:36,8.699999
1119040,1,5,2083,2012-02-09 16:07:39,11.199999
1119040,1,5,2084,2012-02-09 16:07:42,11.8
1119040,1,5,2085,2012-02-09 16:07:45,11.199999
1119040,1,5,2086,2012-02-09 16:07:48,9.3
1119040,1,5,2087,2012-02-09 16:07:51,7.5
1119040,1,5,2088,2012-02-09 16:07:54,6.8
1119040,1,5,2089,2012-02-09 16:07:57,13.0
1119040,1,5,2090,2012-02-09 16:08:00,21.7
1119040,1,5,2091,2012-02-09 16:08:03,24.899999
1119040,1,5,2092,2012-02-09 16:08:06,24.899999
1119040,1,5,2093,2012-02-09 16:08:09,25.5
1119040,1,5,2094,2012-02-09 16:08:12,26.1
1119040,1,5,2095,2012-02-09 16:08:15,25.5
1119040,1,5,2096,2012-02-09 16:08:18,21.7
1119040,1,5,2097,2012-02-09 16:08:21,19.299999
1119040,1,5,2098,2012-02-09 16:08:24,16.2
1119040,1,5,2099,2012-02-09 16:08:27,10.6
1119040,1,5,2100,2012-02-09 16:08:30,3.7
1119040,1,5,2101,2012-02-09 16:09:20,3.099999
1119040,1,5,2102,2012-02-09 16:09:23,10.6
1119040,1,5,2103,2012-02-09 16:09:26,18.0
1119040,1,5,2104,2012-02-09 16:09:29,17.399999
1119040,1,5,2105,2012-02-09 16:09:32,5.0
1119040,1,5,2106,2012-02-09 16:09:37,1.899999
1119040,1,5,2107,2012-02-09 16:09:40,14.3
1119040,1,5,2108,2012-02-09 16:09:43,18.0
1119040,1,5,2109,2012-02-09 16:09:46,18.6
1119040,1,5,2110,2012-02-09 16:09:49,22.399999
1119040,1,5,2111,2012-02-09 16:09:52,18.6
1119040,1,5,2112,2012-02-09 16:09:55,18.0
1119040,1,5,2113,2012-02-09 16:09:58,13.0
1119040,1,5,2114,2012-02-09 16:10:01,5.599999
1119040,1,5,2115,2012-02-09 16:10:22,1.2
1119040,1,5,2116,2012-02-09 16:10:25,13.0
1119040,1,5,2117,2012-02-09 16:10:28,21.1
1119040,1,5,2118,2012-02-09 16:10:32,23.0
1119040,1,5,2119,2012-02-09 16:10:35,22.399999
1119040,1,5,2120,2012-02-09 16:10:38,20.5
1119040,1,5,2121,2012-02-09 16:10:41,19.299999
1119040,1,5,2122,2012-02-09 16:10:44,20.5
1119040,1,5,2123,2012-02-09 16:10:47,21.1
1119040,1,5,2124,2012-02-09 16:10:50,23.6
1119040,1,5,2125,2012-02-09 16:10:53,28.0
1119040,1,5,2126,2012-02-09 16:10:56,32.299999
1119040,1,5,2127,2012-02-09 16:10:59,34.799999
1119040,1,5,2128,2012-02-09 16:11:02,36.0
1119040,1,5,2129,2012-02-09 16:11:05,34.2
1119040,1,5,2130,2012-02-09 16:11:08,32.900001
1119040,1,5,2131,2012-02-09 16:11:11,31.1
1119040,1,5,2132,2012-02-09 16:11:14,21.1
1119040,1,5,2133,2012-02-09 16:11:17,14.3
1119040,1,5,2134,2012-02-09 16:11:20,6.199999
1119040,1,5,2135,2012-02-09 16:11:57,2.5
1119040,1,5,2136,2012-02-09 16:12:00,13.0
1119040,1,5,2137,2012-02-09 16:12:03,23.6
1119040,1,5,2138,2012-02-09 16:12:06,29.2
1119040,1,5,2139,2012-02-09 16:12:09,32.299999
1119040,1,5,2140,2012-02-09 16:12:12,34.799999
1119040,1,5,2141,2012-02-09 16:12:15,37.900001
1119040,1,5,2142,2012-02-09 16:12:18,41.0
1119040,1,5,2143,2012-02-09 16:12:21,42.900001
1119040,1,5,2144,2012-02-09 16:12:24,42.299999
1119040,1,5,2145,2012-02-09 16:12:27,41.0
1119040,1,5,2146,2012-02-09 16:12:30,39.099998
1119040,1,5,2147,2012-02-09 16:12:33,39.099998
1119040,1,5,2148,2012-02-09 16:12:36,32.299999
1119040,1,5,2149,2012-02-09 16:12:39,21.7
1119040,1,5,2150,2012-02-09 16:12:42,14.899999
1119040,1,5,2151,2012-02-09 16:12:45,23.0
1119040,1,5,2152,2012-02-09 16:12:48,28.6
1119040,1,5,2153,2012-02-09 16:12:51,28.5
1119040,1,5,2154,2012-02-09 16:12:54,28.0
1119040,1,5,2155,2012-02-09 16:12:57,27.299999
1119040,1,5,2156,2012-02-09 16:13:00,27.299999
1119040,1,5,2157,2012-02-09 16:13:03,27.299999
1119040,1,5,2158,2012-02-09 16:13:06,28.0
1119040,1,5,2159,2012-02-09 16:13:09,26.1
1119040,1,5,2160,2012-02-09 16:13:12,21.7
1119040,1,5,2161,2012-02-09 16:13:15,8.1
1119040,1,5,2162,2012-02-09 16:13:18,1.899999
1119040,1,5,2163,2012-02-09 16:13:21,1.2
1119040,1,5,2164,2012-02-09 16:13:24,11.199999
1119040,1,5,2165,2012-02-09 16:13:27,19.299999
1119040,1,5,2166,2012-02-09 16:13:30,26.7
1119040,1,5,2167,2012-02-09 16:13:33,26.7
1119040,1,5,2168,2012-02-09 16:13:36,19.899999
1119040,1,5,2169,2012-02-09 16:13:39,14.3
1119040,1,5,2170,2012-02-09 16:13:42,8.1
1119040,1,5,2171,2012-02-09 16:13:45,10.6
1119040,1,5,2172,2012-02-09 16:13:48,13.699999
1119040,1,5,2173,2012-02-09 16:13:51,13.0
1119040,1,5,2174,2012-02-09 16:13:54,12.399999
1119040,1,5,2175,2012-02-09 16:13:57,11.8
1119040,1,5,2176,2012-02-09 16:14:00,9.3
1119040,1,5,2177,2012-02-09 16:14:03,4.3
1119040,1,6,2178,2012-02-09 16:15:33,1.899999
1119040,1,6,2179,2012-02-09 16:15:36,2.5
1119040,1,6,2180,2012-02-09 16:15:43,8.1
1119040,1,6,2181,2012-02-09 16:15:46,13.0
1119040,1,6,2182,2012-02-09 16:15:49,11.8
1119040,1,6,2183,2012-02-09 16:15:52,14.3
1119040,1,6,2184,2012-02-09 16:15:55,13.0
1119040,1,6,2185,2012-02-09 16:15:58,9.899999
1119040,1,6,2186,2012-02-09 16:16:01,2.5
1119040,1,6,2187,2012-02-09 16:16:06,1.2
1119040,1,6,2188,2012-02-09 16:16:09,10.6
1119040,1,6,2189,2012-02-09 16:16:12,24.899999
1119040,1,6,2190,2012-02-09 16:16:15,29.799999
1119040,1,6,2191,2012-02-09 16:16:18,27.299999
1119040,1,6,2192,2012-02-09 16:16:21,18.0
1119040,1,6,2193,2012-02-09 16:16:24,14.3
1119040,1,6,2194,2012-02-09 16:16:27,22.399999
1119040,1,6,2195,2012-02-09 16:16:30,24.899999
1119040,1,6,2196,2012-02-09 16:16:33,29.2
1119040,1,6,2197,2012-02-09 16:16:36,29.799999
1119040,1,6,2198,2012-02-09 16:16:39,30.399999
1119040,1,6,2199,2012-02-09 16:16:42,31.7
1119040,1,6,2200,2012-02-09 16:16:45,31.1
1119040,1,6,2201,2012-02-09 16:16:48,29.2
1119040,1,6,2202,2012-02-09 16:16:51,24.2
1119040,1,6,2203,2012-02-09 16:16:54,12.399999
1119040,1,6,2204,2012-02-09 16:16:57,2.5
1119040,1,6,2205,2012-02-09 16:17:32,2.5
1119040,1,6,2206,2012-02-09 16:17:35,13.0
1119040,1,6,2207,2012-02-09 16:17:38,21.7
1119040,1,6,2208,2012-02-09 16:17:41,32.299999
1119040,1,6,2209,2012-02-09 16:17:44,39.799999
1119040,1,6,2210,2012-02-09 16:17:47,42.299999
1119040,1,6,2211,2012-02-09 16:17:50,42.299999
1119040,1,6,2212,2012-02-09 16:17:53,41.599998
1119040,1,6,2213,2012-02-09 16:17:56,41.0
1119040,1,6,2214,2012-02-09 16:17:59,39.799999
1119040,1,6,2215,2012-02-09 16:18:02,36.7
1119040,1,6,2216,2012-02-09 16:18:05,32.900001
1119040,1,6,2217,2012-02-09 16:18:08,26.1
1119040,1,6,2218,2012-02-09 16:18:11,18.0
1119040,1,6,2219,2012-02-09 16:18:14,6.199999
1119040,1,6,2220,2012-02-09 16:18:18,2.5
1119040,1,6,2221,2012-02-09 16:18:21,13.699999
1119040,1,6,2222,2012-02-09 16:18:24,24.2
1119040,1,6,2223,2012-02-09 16:18:27,31.1
1119040,1,6,2224,2012-02-09 16:18:30,36.0
1119040,1,6,2225,2012-02-09 16:18:33,39.099998
1119040,1,6,2226,2012-02-09 16:18:36,36.7
1119040,1,6,2227,2012-02-09 16:18:39,35.400001
1119040,1,6,2228,2012-02-09 16:18:42,33.599998
1119040,1,6,2229,2012-02-09 16:18:45,29.2
1119040,1,6,2230,2012-02-09 16:18:48,19.899999
1119040,1,6,2231,2012-02-09 16:18:51,10.6
1119040,1,6,2232,2012-02-09 16:18:54,3.7
1119040,1,6,2233,2012-02-09 16:19:14,1.2
1119040,1,6,2234,2012-02-09 16:19:17,12.399999
1119040,1,6,2235,2012-02-09 16:19:20,16.799999
1119040,1,6,2236,2012-02-09 16:19:23,22.399999
1119040,1,6,2237,2012-02-09 16:19:26,22.399999
1119040,1,6,2238,2012-02-09 16:19:29,21.7
1119040,1,6,2239,2012-02-09 16:19:32,14.3
1119040,1,6,2240,2012-02-09 16:19:35,6.199999
1119040,1,6,2241,2012-02-09 16:19:38,5.0
1119040,1,6,2242,2012-02-09 16:19:41,16.2
1119040,1,6,2243,2012-02-09 16:19:44,26.1
1119040,1,6,2244,2012-02-09 16:19:47,35.400001
1119040,1,6,2245,2012-02-09 16:19:50,41.599998
1119040,1,6,2246,2012-02-09 16:19:53,48.5
1119040,1,6,2247,2012-02-09 16:19:56,51.599998
1119040,1,6,2248,2012-02-09 16:19:59,55.900001
1119040,1,6,2249,2012-02-09 16:20:02,59.0
1119040,1,6,2250,2012-02-09 16:20:05,60.299999
1119040,1,6,2251,2012-02-09 16:20:08,60.900001
1119040,1,6,2252,2012-02-09 16:20:11,60.299999
1119040,1,6,2253,2012-02-09 16:20:14,65.900001
1119040,1,6,2254,2012-02-09 16:20:17,67.699996
1119040,1,6,2255,2012-02-09 16:20:20,67.699996
1119040,1,6,2256,2012-02-09 16:20:23,70.199996
1119040,1,6,2257,2012-02-09 16:20:26,68.400001
1119040,1,6,2258,2012-02-09 16:20:29,69.0
1119040,1,6,2259,2012-02-09 16:20:32,68.400001
1119040,1,6,2260,2012-02-09 16:20:35,65.900001
1119040,1,6,2261,2012-02-09 16:20:38,65.199996
1119040,1,6,2262,2012-02-09 16:20:41,62.799999
1119040,1,6,2263,2012-02-09 16:20:44,60.299999
1119040,1,6,2264,2012-02-09 16:20:47,59.7
1119040,1,6,2265,2012-02-09 16:20:50,60.900001
1119040,1,6,2266,2012-02-09 16:20:53,60.900001
1119040,1,6,2267,2012-02-09 16:20:56,58.400001
1119040,1,6,2268,2012-02-09 16:20:59,56.5
1119040,1,6,2269,2012-02-09 16:21:02,56.5
1119040,1,6,2270,2012-02-09 16:21:05,57.2
1119040,1,6,2271,2012-02-09 16:21:08,55.900001
1119040,1,6,2272,2012-02-09 16:21:11,54.099998
1119040,1,6,2273,2012-02-09 16:21:14,51.599998
1119040,1,6,2274,2012-02-09 16:21:17,49.099998
1119040,1,6,2275,2012-02-09 16:21:20,47.799999
1119040,1,6,2276,2012-02-09 16:21:23,51.0
1119040,1,6,2277,2012-02-09 16:21:26,52.799999
1119040,1,6,2278,2012-02-09 16:21:29,54.099998
1119040,1,6,2279,2012-02-09 16:21:32,55.299999
1119040,1,6,2280,2012-02-09 16:21:35,53.400001
1119040,1,6,2281,2012-02-09 16:21:38,52.799999
1119040,1,6,2282,2012-02-09 16:21:41,55.299999
1119040,1,6,2283,2012-02-09 16:21:44,55.299999
1119040,1,6,2284,2012-02-09 16:21:47,57.2
1119040,1,6,2285,2012-02-09 16:21:50,56.5
1119040,1,6,2286,2012-02-09 16:21:53,54.7
1119040,1,6,2287,2012-02-09 16:21:56,54.7
1119040,1,6,2288,2012-02-09 16:21:59,55.900001
1119040,1,6,2289,2012-02-09 16:22:02,57.799999
1119040,1,6,2290,2012-02-09 16:22:05,58.400001
1119040,1,6,2291,2012-02-09 16:22:08,57.799999
1119040,1,6,2292,2012-02-09 16:22:11,56.5
1119040,1,6,2293,2012-02-09 16:22:14,57.2
1119040,1,6,2294,2012-02-09 16:22:17,57.2
1119040,1,6,2295,2012-02-09 16:22:20,57.2
1119040,1,6,2296,2012-02-09 16:22:23,57.400001
1119040,1,6,2297,2012-02-09 16:22:26,59.7
1119040,1,6,2298,2012-02-09 16:22:29,58.400001
1119040,1,6,2299,2012-02-09 16:22:32,59.0
1119040,1,6,2300,2012-02-09 16:22:35,59.7
1119040,1,6,2301,2012-02-09 16:22:38,57.799999
1119040,1,6,2302,2012-02-09 16:22:41,56.5
1119040,1,6,2303,2012-02-09 16:22:44,55.900001
1119040,1,6,2304,2012-02-09 16:22:47,55.900001
1119040,1,6,2305,2012-02-09 16:22:50,55.299999
1119040,1,6,2306,2012-02-09 16:22:53,53.400001
1119040,1,6,2307,2012-02-09 16:22:56,50.299999
1119040,1,6,2308,2012-02-09 16:22:59,49.7
1119040,1,6,2309,2012-02-09 16:23:02,50.299999
1119040,1,6,2310,2012-02-09 16:23:05,52.2
1119040,1,6,2311,2012-02-09 16:23:08,51.0
1119040,1,6,2312,2012-02-09 16:23:11,52.799999
1119040,1,6,2313,2012-02-09 16:23:14,54.099998
1119040,1,6,2314,2012-02-09 16:23:17,58.400001
1119040,1,6,2315,2012-02-09 16:23:20,59.0
1119040,1,6,2316,2012-02-09 16:23:23,59.7
1119040,1,6,2317,2012-02-09 16:23:26,57.2
1119040,1,6,2318,2012-02-09 16:23:29,55.900001
1119040,1,6,2319,2012-02-09 16:23:32,55.900001
1119040,1,6,2320,2012-02-09 16:23:35,54.7
1119040,1,6,2321,2012-02-09 16:23:38,58.400001
1119040,1,6,2322,2012-02-09 16:23:41,58.400001
1119040,1,6,2323,2012-02-09 16:23:44,57.2
1119040,1,6,2324,2012-02-09 16:23:47,57.2
1119040,1,6,2325,2012-02-09 16:23:50,56.5
1119040,1,6,2326,2012-02-09 16:23:53,57.2
1119040,1,6,2327,2012-02-09 16:23:56,59.0
1119040,1,6,2328,2012-02-09 16:23:59,59.0
1119040,1,6,2329,2012-02-09 16:24:02,62.099998
1119040,1,6,2330,2012-02-09 16:24:05,62.099998
1119040,1,6,2331,2012-02-09 16:24:08,61.5
1119040,1,6,2332,2012-02-09 16:24:11,60.299999
1119040,1,6,2333,2012-02-09 16:24:14,59.7
1119040,1,6,2334,2012-02-09 16:24:17,59.7
1119040,1,6,2335,2012-02-09 16:24:20,57.799999
1119040,1,6,2336,2012-02-09 16:24:23,58.400001
1119040,1,6,2337,2012-02-09 16:24:26,60.299999
1119040,1,6,2338,2012-02-09 16:24:29,60.900001
1119040,1,6,2339,2012-02-09 16:24:32,57.2
1119040,1,6,2340,2012-02-09 16:24:35,56.5
1119040,1,6,2341,2012-02-09 16:24:38,59.0
1119040,1,6,2342,2012-02-09 16:24:41,59.0
1119040,1,6,2343,2012-02-09 16:24:44,60.900001
1119040,1,6,2344,2012-02-09 16:24:47,62.799999
1119040,1,6,2345,2012-02-09 16:24:50,63.400001
1119040,1,6,2346,2012-02-09 16:24:53,62.799999
1119040,1,6,2347,2012-02-09 16:24:56,62.799999
1119040,1,6,2348,2012-02-09 16:24:59,63.400001
1119040,1,6,2349,2012-02-09 16:25:02,64.0
1119040,1,6,2350,2012-02-09 16:25:05,63.400001
1119040,1,6,2351,2012-02-09 16:25:08,63.400001
1119040,1,6,2352,2012-02-09 16:25:11,62.799999
1119040,1,6,2353,2012-02-09 16:25:14,62.099998
1119040,1,6,2354,2012-02-09 16:25:17,61.5
1119040,1,6,2355,2012-02-09 16:25:20,62.099998
1119040,1,6,2356,2012-02-09 16:25:23,63.400001
1119040,1,6,2357,2012-02-09 16:25:26,63.400001
1119040,1,6,2358,2012-02-09 16:25:29,64.0
1119040,1,6,2359,2012-02-09 16:25:32,65.199996
1119040,1,6,2360,2012-02-09 16:25:35,66.5
1119040,1,6,2361,2012-02-09 16:25:38,67.099998
1119040,1,6,2362,2012-02-09 16:25:41,65.900001
1119040,1,6,2363,2012-02-09 16:25:44,65.199996
1119040,1,6,2364,2012-02-09 16:25:47,65.199996
1119040,1,6,2365,2012-02-09 16:25:50,64.599998
1119040,1,6,2366,2012-02-09 16:25:53,62.099998
1119040,1,6,2367,2012-02-09 16:25:56,60.299999
1119040,1,6,2368,2012-02-09 16:25:59,57.799999
1119040,1,6,2369,2012-02-09 16:26:02,51.599998
1119040,1,6,2370,2012-02-09 16:26:05,44.099998
1119040,1,6,2371,2012-02-09 16:26:08,34.799999
1119040,1,6,2372,2012-02-09 16:26:11,30.399999
1119040,1,6,2373,2012-02-09 16:26:14,28.6
1119040,1,6,2374,2012-02-09 16:26:17,29.799999
1119040,1,6,2375,2012-02-09 16:26:20,25.5
1119040,1,6,2376,2012-02-09 16:26:23,17.399999
1119040,1,6,2377,2012-02-09 16:26:26,6.199999
1119040,1,6,2378,2012-02-09 16:27:12,1.899999
1119040,1,6,2379,2012-02-09 16:27:15,14.3
1119040,1,6,2380,2012-02-09 16:27:18,21.7
1119040,1,6,2381,2012-02-09 16:27:21,26.7
1119040,1,6,2382,2012-02-09 16:27:24,26.7
1119040,1,6,2383,2012-02-09 16:27:27,30.399999
1119040,1,6,2384,2012-02-09 16:27:30,28.0
1119040,1,6,2385,2012-02-09 16:27:33,27.299999
1119040,1,6,2386,2012-02-09 16:27:36,24.2
1119040,1,6,2387,2012-02-09 16:27:39,16.799999
1119040,1,6,2388,2012-02-09 16:27:42,13.699999
1119040,1,6,2389,2012-02-09 16:27:45,23.0
1119040,1,6,2390,2012-02-09 16:27:48,29.2
1119040,1,6,2391,2012-02-09 16:27:51,30.399999
1119040,1,6,2392,2012-02-09 16:27:54,31.1
1119040,1,6,2393,2012-02-09 16:27:57,31.1
1119040,1,6,2394,2012-02-09 16:28:00,29.799999
1119040,1,6,2395,2012-02-09 16:28:03,30.399999
1119040,1,6,2396,2012-02-09 16:28:06,31.1
1119040,1,6,2397,2012-02-09 16:28:09,31.7
1119040,1,6,2398,2012-02-09 16:28:12,31.7
1119040,1,6,2399,2012-02-09 16:28:15,32.299999
1119040,1,6,2400,2012-02-09 16:28:18,32.299999
1119040,1,6,2401,2012-02-09 16:28:21,32.299999
1119040,1,6,2402,2012-02-09 16:28:24,32.900001
1119040,1,6,2403,2012-02-09 16:28:27,31.7
1119040,1,6,2404,2012-02-09 16:28:30,28.6
1119040,1,6,2405,2012-02-09 16:28:33,30.399999
1119040,1,6,2406,2012-02-09 16:28:36,29.2
1119040,1,6,2407,2012-02-09 16:28:39,23.0
1119040,1,6,2408,2012-02-09 16:28:42,16.2
1119040,1,6,2409,2012-02-09 16:28:45,18.6
1119040,1,6,2410,2012-02-09 16:28:48,24.899999
1119040,1,6,2411,2012-02-09 16:28:51,24.2
1119040,1,6,2412,2012-02-09 16:28:54,26.1
1119040,1,6,2413,2012-02-09 16:28:57,26.1
1119040,1,6,2414,2012-02-09 16:29:00,26.1
1119040,1,6,2415,2012-02-09 16:29:03,26.7
1119040,1,6,2416,2012-02-09 16:29:06,29.2
1119040,1,6,2417,2012-02-09 16:29:09,28.0
1119040,1,6,2418,2012-02-09 16:29:12,27.299999
1119040,1,6,2419,2012-02-09 16:29:15,23.6
1119040,1,6,2420,2012-02-09 16:29:18,18.6
1119040,1,6,2421,2012-02-09 16:29:21,11.199999
1119040,1,6,2422,2012-02-09 16:29:24,4.3
1119040,1,6,2423,2012-02-09 16:29:29,1.2
1119040,1,6,2424,2012-02-09 16:29:32,6.199999
1119040,1,6,2425,2012-02-09 16:29:35,9.3
1119040,1,6,2426,2012-02-09 16:29:38,9.899999
1119040,1,6,2427,2012-02-09 16:29:41,9.3
1119040,1,6,2428,2012-02-09 16:29:44,8.1
1119040,1,6,2429,2012-02-09 16:29:47,6.199999
1119040,1,6,2430,2012-02-09 16:29:50,6.199999
1119040,1,6,2431,2012-02-09 16:29:53,8.699999
1119040,1,6,2432,2012-02-09 16:29:56,6.8
1119040,1,6,2433,2012-02-09 16:29:59,6.199999
1119040,1,6,2434,2012-02-09 16:30:02,5.0
1119040,1,6,2435,2012-02-09 16:30:05,1.899999
1119040,1,6,2436,2012-02-09 16:32:26,1.2
1119040,1,6,2437,2012-02-09 16:32:29,1.899999
1119040,1,6,2438,2012-02-09 16:32:32,1.899999
1119040,1,6,2439,2012-02-09 16:32:35,1.899999
1119040,1,6,2440,2012-02-09 16:32:38,1.899999
1119040,1,6,2441,2012-02-09 16:32:41,1.2
1119040,1,6,2442,2012-02-09 16:32:44,1.899999
1119040,1,6,2443,2012-02-09 16:32:47,1.899999
1119040,1,6,2444,2012-02-09 16:32:50,2.5
1119040,1,6,2445,2012-02-09 16:32:53,2.5
1119040,1,6,2446,2012-02-09 16:32:56,2.5
1119040,1,6,2447,2012-02-09 16:32:59,1.899999
1119040,1,6,2448,2012-02-09 16:33:02,1.899999
1119040,1,6,2449,2012-02-09 16:33:05,1.899999
1119040,1,7,2455,2012-02-10 06:12:00,1.2
1119040,1,7,2456,2012-02-10 06:12:47,1.2
1119040,1,7,2457,2012-02-10 06:12:51,1.899999
1119040,1,7,2458,2012-02-10 06:12:54,1.899999
1119040,1,7,2459,2012-02-10 06:12:57,1.899999
1119040,1,7,2460,2012-02-10 06:13:00,1.899999
1119040,1,7,2461,2012-02-10 06:13:03,1.2
1119040,1,7,2462,2012-02-10 06:13:06,1.899999
1119040,1,7,2463,2012-02-10 06:13:09,1.2
1119040,1,7,2464,2012-02-10 06:13:12,1.2
1119040,1,7,2465,2012-02-10 06:13:15,1.899999
1119040,1,7,2466,2012-02-10 06:13:18,2.5
1119040,1,7,2467,2012-02-10 06:13:21,1.2
1119040,1,7,2468,2012-02-10 06:13:24,1.899999
1119040,1,7,2469,2012-02-10 06:13:27,2.5
1119040,1,7,2471,2012-02-10 06:15:35,1.2
1119040,1,7,2472,2012-02-10 06:15:38,1.899999
1119040,1,7,2473,2012-02-10 06:15:41,5.0
1119040,1,7,2474,2012-02-10 06:15:44,5.599999
1119040,1,7,2475,2012-02-10 06:15:47,6.199999
1119040,1,7,2476,2012-02-10 06:15:50,6.199999
1119040,1,7,2477,2012-02-10 06:15:53,7.5
1119040,1,7,2478,2012-02-10 06:15:56,7.5
1119040,1,7,2479,2012-02-10 06:15:59,7.5
1119040,1,7,2480,2012-02-10 06:16:02,7.5
1119040,1,7,2481,2012-02-10 06:16:05,6.8
1119040,1,7,2482,2012-02-10 06:16:08,6.8
1119040,1,7,2483,2012-02-10 06:16:11,4.3
1119040,1,7,2484,2012-02-10 06:16:14,3.7
1119040,1,7,2485,2012-02-10 06:16:20,1.899999
1119040,1,7,2486,2012-02-10 06:16:23,5.0
1119040,1,7,2487,2012-02-10 06:16:26,6.8
1119040,1,7,2488,2012-02-10 06:16:29,13.699999
1119040,1,7,2489,2012-02-10 06:16:32,19.899999
1119040,1,7,2490,2012-02-10 06:16:35,23.0
1119040,1,7,2491,2012-02-10 06:16:38,24.2
1119040,1,7,2492,2012-02-10 06:16:41,24.2
1119040,1,7,2493,2012-02-10 06:16:44,24.899999
1119040,1,7,2494,2012-02-10 06:16:47,24.899999
1119040,1,7,2495,2012-02-10 06:16:50,24.899999
1119040,1,7,2496,2012-02-10 06:16:53,24.899999
1119040,1,7,2497,2012-02-10 06:16:56,25.5
1119040,1,7,2498,2012-02-10 06:16:59,24.899999
1119040,1,7,2499,2012-02-10 06:17:02,21.7
1119040,1,7,2500,2012-02-10 06:17:05,14.3
1119040,1,7,2501,2012-02-10 06:17:08,1.899999
1119040,1,7,2502,2012-02-10 06:17:18,3.099999
1119040,1,7,2503,2012-02-10 06:17:21,12.399999
1119040,1,7,2504,2012-02-10 06:17:24,18.0
1119040,1,7,2505,2012-02-10 06:17:27,24.899999
1119040,1,7,2506,2012-02-10 06:17:30,29.2
1119040,1,7,2507,2012-02-10 06:17:33,31.7
1119040,1,7,2508,2012-02-10 06:17:36,32.299999
1119040,1,7,2509,2012-02-10 06:17:39,32.299999
1119040,1,7,2510,2012-02-10 06:17:42,31.1
1119040,1,7,2511,2012-02-10 06:17:45,29.2
1119040,1,7,2512,2012-02-10 06:17:48,25.5
1119040,1,7,2513,2012-02-10 06:17:51,18.0
1119040,1,7,2514,2012-02-10 06:17:54,7.5
1119040,1,7,2515,2012-02-10 06:18:03,3.7
1119040,1,7,2516,2012-02-10 06:18:06,10.6
1119040,1,7,2517,2012-02-10 06:18:09,24.2
1119040,1,7,2518,2012-02-10 06:18:12,29.2
1119040,1,7,2519,2012-02-10 06:18:15,30.399999
1119040,1,7,2520,2012-02-10 06:18:18,31.1
1119040,1,7,2521,2012-02-10 06:18:21,31.1
1119040,1,7,2522,2012-02-10 06:18:24,31.7
1119040,1,7,2523,2012-02-10 06:18:27,32.299999
1119040,1,7,2524,2012-02-10 06:18:30,29.2
1119040,1,7,2525,2012-02-10 06:18:33,25.5
1119040,1,7,2526,2012-02-10 06:18:36,18.6
1119040,1,7,2527,2012-02-10 06:18:39,17.399999
1119040,1,7,2528,2012-02-10 06:18:42,20.5
1119040,1,7,2529,2012-02-10 06:18:45,31.1
1119040,1,7,2530,2012-02-10 06:18:48,31.1
1119040,1,7,2531,2012-02-10 06:18:51,29.799999
1119040,1,7,2532,2012-02-10 06:18:54,27.299999
1119040,1,7,2533,2012-02-10 06:18:57,21.7
1119040,1,7,2534,2012-02-10 06:19:00,11.8
1119040,1,7,2535,2012-02-10 06:19:03,1.2
1119040,1,7,2536,2012-02-10 06:19:06,3.7
1119040,1,7,2537,2012-02-10 06:19:09,15.5
1119040,1,7,2538,2012-02-10 06:19:12,24.2
1119040,1,7,2539,2012-02-10 06:19:15,26.7
1119040,1,7,2540,2012-02-10 06:19:22,18.6
1119040,1,7,2541,2012-02-10 06:19:25,7.5
1119040,1,7,2542,2012-02-10 06:19:28,10.6
1119040,1,7,2543,2012-02-10 06:19:31,19.299999
1119040,1,7,2544,2012-02-10 06:19:34,34.2
1119040,1,7,2545,2012-02-10 06:19:37,39.799999
1119040,1,7,2546,2012-02-10 06:19:40,47.2
1119040,1,7,2547,2012-02-10 06:19:43,54.7
1119040,1,7,2548,2012-02-10 06:19:46,58.400001
1119040,1,7,2549,2012-02-10 06:19:49,64.0
1119040,1,7,2550,2012-02-10 06:19:52,66.5
1119040,1,7,2551,2012-02-10 06:19:55,68.400001
1119040,1,7,2552,2012-02-10 06:19:58,69.0
1119040,1,7,2553,2012-02-10 06:20:01,68.400001
1119040,1,7,2554,2012-02-10 06:20:04,67.699996
1119040,1,7,2555,2012-02-10 06:20:07,67.099998
1119040,1,7,2556,2012-02-10 06:20:10,67.699996
1119040,1,7,2557,2012-02-10 06:20:13,67.699996
1119040,1,7,2558,2012-02-10 06:20:16,67.699996
1119040,1,7,2559,2012-02-10 06:20:19,67.699996
1119040,1,7,2560,2012-02-10 06:20:22,67.699996
1119040,1,7,2561,2012-02-10 06:20:25,68.400001
1119040,1,7,2562,2012-02-10 06:20:28,67.699996
1119040,1,7,2563,2012-02-10 06:20:31,67.699996
1119040,1,7,2564,2012-02-10 06:20:34,67.099998
1119040,1,7,2565,2012-02-10 06:20:37,68.400001
1119040,1,7,2566,2012-02-10 06:20:40,67.699996
1119040,1,7,2567,2012-02-10 06:20:43,67.699996
1119040,1,7,2568,2012-02-10 06:20:46,66.099998
1119040,1,7,2569,2012-02-10 06:20:49,65.900001
1119040,1,7,2570,2012-02-10 06:20:52,67.699996
1119040,1,7,2571,2012-02-10 06:20:55,67.699996
1119040,1,7,2572,2012-02-10 06:20:58,67.099998
1119040,1,7,2573,2012-02-10 06:21:01,66.5
1119040,1,7,2574,2012-02-10 06:21:04,66.5
1119040,1,7,2575,2012-02-10 06:21:07,66.5
1119040,1,7,2576,2012-02-10 06:21:10,65.900001
1119040,1,7,2577,2012-02-10 06:21:13,67.099998
1119040,1,7,2578,2012-02-10 06:21:16,67.099998
1119040,1,7,2579,2012-02-10 06:21:19,68.400001
1119040,1,7,2580,2012-02-10 06:21:22,66.5
1119040,1,7,2581,2012-02-10 06:21:25,65.199996
1119040,1,7,2582,2012-02-10 06:21:28,66.5
1119040,1,7,2583,2012-02-10 06:21:31,65.900001
1119040,1,7,2584,2012-02-10 06:21:34,66.5
1119040,1,7,2585,2012-02-10 06:21:37,66.5
1119040,1,7,2586,2012-02-10 06:21:40,67.099998
1119040,1,7,2587,2012-02-10 06:21:43,67.099998
1119040,1,7,2588,2012-02-10 06:21:46,67.699996
1119040,1,7,2589,2012-02-10 06:21:49,67.699996
1119040,1,7,2590,2012-02-10 06:21:52,67.699996
1119040,1,7,2591,2012-02-10 06:21:55,67.699996
1119040,1,7,2592,2012-02-10 06:21:58,67.699996
1119040,1,7,2593,2012-02-10 06:22:01,67.699996
1119040,1,7,2594,2012-02-10 06:22:04,66.5
1119040,1,7,2595,2012-02-10 06:22:07,66.5
1119040,1,7,2596,2012-02-10 06:22:11,65.900001
1119040,1,7,2597,2012-02-10 06:22:14,67.099998
1119040,1,7,2598,2012-02-10 06:22:17,67.099998
1119040,1,7,2599,2012-02-10 06:22:20,67.699996
1119040,1,7,2600,2012-02-10 06:22:23,67.699996
1119040,1,7,2601,2012-02-10 06:22:26,67.099998
1119040,1,7,2602,2012-02-10 06:22:29,67.099998
1119040,1,7,2603,2012-02-10 06:22:32,66.5
1119040,1,7,2604,2012-02-10 06:22:35,66.5
1119040,1,7,2605,2012-02-10 06:22:38,67.099998
1119040,1,7,2606,2012-02-10 06:22:41,67.099998
1119040,1,7,2607,2012-02-10 06:22:44,67.099998
1119040,1,7,2608,2012-02-10 06:22:47,67.699996
1119040,1,7,2609,2012-02-10 06:22:50,68.400001
1119040,1,7,2610,2012-02-10 06:22:53,67.699996
1119040,1,7,2611,2012-02-10 06:22:56,67.099998
1119040,1,7,2612,2012-02-10 06:22:59,65.900001
1119040,1,7,2613,2012-02-10 06:23:02,66.5
1119040,1,7,2614,2012-02-10 06:23:05,66.5
1119040,1,7,2615,2012-02-10 06:23:08,66.5
1119040,1,7,2616,2012-02-10 06:23:11,67.099998
1119040,1,7,2617,2012-02-10 06:23:14,67.099998
1119040,1,7,2618,2012-02-10 06:23:17,67.099998
1119040,1,7,2619,2012-02-10 06:23:20,67.099998
1119040,1,7,2620,2012-02-10 06:23:23,67.699996
1119040,1,7,2621,2012-02-10 06:23:26,67.099998
1119040,1,7,2622,2012-02-10 06:23:29,67.099998
1119040,1,7,2623,2012-02-10 06:23:32,67.099998
1119040,1,7,2624,2012-02-10 06:23:35,67.099998
1119040,1,7,2625,2012-02-10 06:23:38,67.099998
1119040,1,7,2626,2012-02-10 06:23:41,67.099998
1119040,1,7,2627,2012-02-10 06:23:44,67.099998
1119040,1,7,2628,2012-02-10 06:23:47,67.099998
1119040,1,7,2629,2012-02-10 06:23:50,67.099998
1119040,1,7,2630,2012-02-10 06:23:53,67.099998
1119040,1,7,2631,2012-02-10 06:23:56,67.699996
1119040,1,7,2632,2012-02-10 06:23:59,67.699996
1119040,1,7,2633,2012-02-10 06:24:02,67.099998
1119040,1,7,2634,2012-02-10 06:24:05,66.5
1119040,1,7,2635,2012-02-10 06:24:08,65.900001
1119040,1,7,2636,2012-02-10 06:24:11,65.900001
1119040,1,7,2637,2012-02-10 06:24:14,67.099998
1119040,1,7,2638,2012-02-10 06:24:17,67.699996
1119040,1,7,2639,2012-02-10 06:24:20,68.400001
1119040,1,7,2640,2012-02-10 06:24:23,68.400001
1119040,1,7,2641,2012-02-10 06:24:26,67.699996
1119040,1,7,2642,2012-02-10 06:24:29,67.699996
1119040,1,7,2643,2012-02-10 06:24:32,66.5
1119040,1,7,2644,2012-02-10 06:24:35,65.900001
1119040,1,7,2645,2012-02-10 06:24:38,66.5
1119040,1,7,2646,2012-02-10 06:24:41,65.900001
1119040,1,7,2647,2012-02-10 06:24:44,66.5
1119040,1,7,2648,2012-02-10 06:24:47,67.699996
1119040,1,7,2649,2012-02-10 06:24:50,67.099998
1119040,1,7,2650,2012-02-10 06:24:53,65.900001
1119040,1,7,2651,2012-02-10 06:24:56,65.900001
1119040,1,7,2652,2012-02-10 06:24:59,67.099998
1119040,1,7,2653,2012-02-10 06:25:02,64.599998
1119040,1,7,2654,2012-02-10 06:25:05,65.900001
1119040,1,7,2655,2012-02-10 06:25:08,67.099998
1119040,1,7,2656,2012-02-10 06:25:11,65.900001
1119040,1,7,2657,2012-02-10 06:25:14,67.099998
1119040,1,7,2658,2012-02-10 06:25:17,67.099998
1119040,1,7,2659,2012-02-10 06:25:20,68.400001
1119040,1,7,2660,2012-02-10 06:25:23,70.199996
1119040,1,7,2661,2012-02-10 06:25:26,69.599998
1119040,1,7,2662,2012-02-10 06:25:29,68.400001
1119040,1,7,2663,2012-02-10 06:25:32,67.699996
1119040,1,7,2664,2012-02-10 06:25:35,67.099998
1119040,1,7,2665,2012-02-10 06:25:38,65.900001
1119040,1,7,2666,2012-02-10 06:25:41,65.900001
1119040,1,7,2667,2012-02-10 06:25:44,62.799999
1119040,1,7,2668,2012-02-10 06:25:47,58.400001
1119040,1,7,2669,2012-02-10 06:25:50,55.299999
1119040,1,7,2670,2012-02-10 06:25:53,51.0
1119040,1,7,2671,2012-02-10 06:25:56,46.599998
1119040,1,7,2672,2012-02-10 06:25:59,41.599998
1119040,1,7,2673,2012-02-10 06:26:02,37.900001
1119040,1,7,2674,2012-02-10 06:26:05,31.7
1119040,1,7,2675,2012-02-10 06:26:08,28.0
1119040,1,7,2676,2012-02-10 06:26:11,19.899999
1119040,1,7,2677,2012-02-10 06:26:14,13.699999
1119040,1,7,2678,2012-02-10 06:26:17,17.399999
1119040,1,7,2679,2012-02-10 06:26:20,22.399999
1119040,1,7,2680,2012-02-10 06:26:23,25.5
1119040,1,7,2681,2012-02-10 06:26:26,24.899999
1119040,1,7,2682,2012-02-10 06:26:29,22.399999
1119040,1,7,2683,2012-02-10 06:26:32,15.5
1119040,1,7,2684,2012-02-10 06:26:35,4.3
1119040,1,7,2685,2012-02-10 06:26:38,8.699999
1119040,1,7,2686,2012-02-10 06:26:41,18.0
1119040,1,7,2687,2012-02-10 06:26:44,23.6
1119040,1,7,2688,2012-02-10 06:26:47,28.6
1119040,1,7,2689,2012-02-10 06:26:50,30.399999
1119040,1,7,2690,2012-02-10 06:26:53,31.1
1119040,1,7,2691,2012-02-10 06:26:56,32.900001
1119040,1,7,2692,2012-02-10 06:26:59,33.599998
1119040,1,7,2693,2012-02-10 06:27:02,34.2
1119040,1,7,2694,2012-02-10 06:27:05,33.599998
1119040,1,7,2695,2012-02-10 06:27:08,34.2
1119040,1,7,2696,2012-02-10 06:27:11,34.2
1119040,1,7,2697,2012-02-10 06:27:14,34.2
1119040,1,7,2698,2012-02-10 06:27:17,34.799999
1119040,1,7,2699,2012-02-10 06:27:20,35.400001
1119040,1,7,2700,2012-02-10 06:27:23,36.7
1119040,1,7,2701,2012-02-10 06:27:26,36.7
1119040,1,7,2702,2012-02-10 06:27:29,36.0
1119040,1,7,2703,2012-02-10 06:27:32,36.0
1119040,1,7,2704,2012-02-10 06:27:35,37.299999
1119040,1,7,2705,2012-02-10 06:27:38,36.7
1119040,1,7,2706,2012-02-10 06:27:41,36.7
1119040,1,7,2707,2012-02-10 06:27:44,36.7
1119040,1,7,2708,2012-02-10 06:27:47,36.7
1119040,1,7,2709,2012-02-10 06:27:50,36.7
1119040,1,7,2710,2012-02-10 06:27:53,36.7
1119040,1,7,2711,2012-02-10 06:27:56,36.7
1119040,1,7,2712,2012-02-10 06:27:59,36.900001
1119040,1,7,2713,2012-02-10 06:28:02,36.0
1119040,1,7,2714,2012-02-10 06:28:05,36.7
1119040,1,7,2715,2012-02-10 06:28:08,37.299999
1119040,1,7,2716,2012-02-10 06:28:11,35.400001
1119040,1,7,2717,2012-02-10 06:28:14,32.900001
1119040,1,7,2718,2012-02-10 06:28:17,29.799999
1119040,1,7,2719,2012-02-10 06:28:20,23.0
1119040,1,7,2720,2012-02-10 06:28:23,15.5
1119040,1,7,2721,2012-02-10 06:28:26,5.0
1119040,1,7,2722,2012-02-10 06:28:55,2.5
1119040,1,7,2723,2012-02-10 06:28:58,14.3
1119040,1,7,2724,2012-02-10 06:29:01,24.2
1119040,1,7,2725,2012-02-10 06:29:04,29.799999
1119040,1,7,2726,2012-02-10 06:29:07,33.599998
1119040,1,7,2727,2012-02-10 06:29:10,35.400001
1119040,1,7,2728,2012-02-10 06:29:13,37.299999
1119040,1,7,2729,2012-02-10 06:29:16,34.799999
1119040,1,7,2730,2012-02-10 06:29:19,31.1
1119040,1,7,2731,2012-02-10 06:29:22,26.1
1119040,1,7,2732,2012-02-10 06:29:25,20.5
1119040,1,7,2733,2012-02-10 06:29:28,9.899999
1119040,1,7,2734,2012-02-10 06:29:31,10.6
1119040,1,7,2735,2012-02-10 06:29:34,20.5
1119040,1,7,2736,2012-02-10 06:29:37,26.7
1119040,1,7,2737,2012-02-10 06:29:40,26.7
1119040,1,7,2738,2012-02-10 06:29:43,21.7
1119040,1,7,2739,2012-02-10 06:29:46,13.699999
1119040,1,7,2740,2012-02-10 06:29:49,6.199999
1119040,1,7,2741,2012-02-10 06:29:52,6.8
1119040,1,7,2742,2012-02-10 06:29:55,7.5
1119040,1,7,2743,2012-02-10 06:29:58,5.0
1119040,1,7,2744,2012-02-10 06:30:01,1.899999
1119040,1,7,2745,2012-02-10 06:30:05,1.899999
1119040,1,7,2746,2012-02-10 06:30:08,1.899999
1119040,1,7,2747,2012-02-10 06:30:11,1.899999
1119040,1,7,2749,2012-02-10 06:36:10,1.2
1119040,1,7,2750,2012-02-10 06:36:13,1.2
1119040,1,7,2751,2012-02-10 06:36:16,1.2
1119040,1,7,2752,2012-02-10 06:36:20,1.2
1119040,1,7,2753,2012-02-10 06:36:23,1.2
1119040,1,7,2754,2012-02-10 06:36:26,2.5
1119040,1,7,2755,2012-02-10 06:36:29,1.899999
1119040,1,7,2756,2012-02-10 06:36:32,1.899999
1119040,1,7,2757,2012-02-10 06:36:35,1.899999
1119040,1,7,2758,2012-02-10 06:36:38,1.899999
1119040,1,7,2759,2012-02-10 06:36:41,2.5
1119040,1,7,2760,2012-02-10 06:36:44,1.899999
1119040,1,7,2761,2012-02-10 06:36:47,1.899999
1119040,1,7,2762,2012-02-10 06:36:50,2.5
1119040,1,7,2763,2012-02-10 06:36:53,1.899999
1119040,1,7,2764,2012-02-10 06:36:56,1.899999
1119040,1,7,2765,2012-02-10 06:36:59,2.5
1119040,1,7,2766,2012-02-10 06:37:02,1.2
1119040,1,7,2767,2012-02-10 06:37:05,1.899999
1119040,1,7,2768,2012-02-10 06:37:08,1.899999
1119040,1,7,2769,2012-02-10 06:37:11,1.899999
1119040,1,7,2770,2012-02-10 06:37:14,1.2
1119040,1,7,2771,2012-02-10 06:37:17,1.2
1119040,1,7,2772,2012-02-10 06:37:22,1.899999
1119040,1,7,2773,2012-02-10 06:37:25,1.899999
1119040,1,7,2774,2012-02-10 06:37:28,1.2
1119040,1,7,2775,2012-02-10 06:37:31,1.2
1119040,1,7,2776,2012-02-10 06:37:34,1.899999
1119040,1,7,2777,2012-02-10 06:37:37,1.2
1119040,1,7,2778,2012-02-10 06:37:40,1.2
